label,review
1,"慢,一次比一次慢,再也不定了"
1,美女老板加新菜了→_→
1,人大写成三义庙不好意思。
1,有新菜我先尝尝
1,很棒继续加油
1,继续努力，刚才真的没注意查收，10几分就送到了，我还误解了店家，对不起啊，经常订所以追加好评算是道歉啊，谢谢
1,去人大店吃过一次，服务很好
1,快递小哥以后继续加速啊，加油
1,经常在这里订，味道棒棒的，继续努力，为我刚才的失误道歉了
1,早送到了，忘记点确认了，对不起小哥和店家
1,这真的是皮蛋瘦肉粥么？！好失望...
1,明明说了不要辣...好辣...
1,没想到是熏肉，不太喜欢
1,不错。很迅速
1,"还可以,有点干。"
1,包装不错，手套、餐巾纸很全，味道也不错
1,卷饼非常好吃！
1,卷饼太好吃啦！蔬菜鸡肉卷，鸡肉很足，蔬菜有青椒、香菇、豆芽、洋葱、土豆丝。口味和淡，不油腻，非常健康！
1,非常好！！！
1,希望下次不是2个小时才送到
1,非常好吃。
1,味道还不错吧，，就是土豆丝少了
1,快递小哥效率很高哦！谢谢了
1,肘子肉再炖烂一些就好了
1,"定了好几次了,确实不错！"
1,有点油腻～其他很好
1,很好吃，面皮特别有嚼劲儿，酱料也很好吃
1,"你家不看备注的吗？我说了装两个袋,帮别人买的,还用一个袋,我怎么拿啊"
1,有点小辣，还不错，不过男生吃可能会太少
1,好吃又美味
1,东西还可以，就是速度慢了些。
1,肘子味不是很浓，但卷饼不油腻，口感很好。
1,味道不错，就是好辣啊！把辣椒拿出去又觉得有点腻，能吃辣的可以试试看！
1,味道很好也很负责
1,"皮蛋瘦肉粥,我一看还以为是白粥。。。"
1,很好吃，总爱点他家的饭当工作餐。
1,送餐员辛苦了！
1,送餐的大叔辛苦了！
1,这次很快，追加，希望下次也这么快，哈哈
1,"很好,味道淡淡的,而且很干净"
1,送餐速度快，味道不错。
1,"终于吃到好吃的鱼香肉丝了,虽然有点慢"
1,"速度需努力，再接再厉,,"
1,速度需提升，再接再厉
1,很好很强大
1,卷饼味道很好，包装卫生，不过男同学一个中份吃不饱......
1,"我想说我的皮蛋瘦肉粥呢,就光把卷饼送来了,粥呢？"
1,不错！经济实惠
1,"非常实惠！肘子稍微有点腻,土豆卷很好吃"
1,虽然时间比较长，但是可以理解，(⊙o⊙)…
1,"第一次定,挺好吃的,就是有点慢,可能距离有些远"
1,经常订他家的卷饼吃
1,味道有点怪，可能个人原因，不爱吃
1,速度还可以！下着雨呢
1,送餐快，卷饼好吃
1,送的超级快~~~京酱肉丝卷好好吃
1,真没传说中的那么好吃，也可能是因为我点的是猪肘卷饼的缘故吧。反正菜太少了，肉太多了，尤其是好多肥肉处理的不太好，吃起来腻死了。如果肥肉部分去腻就好了。
1,还不错啊，买了两份，香菇鸡肉的尤其香，好吃，尖椒土豆丝的味道有点太淡了。好吃方便。
1,今天送的还挺快，就是让下楼拿不太爽
1,特别好的外卖小哥，卷饼很好吃，粥也好喝，真心推荐！
1,速度太快了。。。定的12点11点17就到了
1,千万不要定粥，坑
1,饼真心不是我想吃的那样的
1,惊呆了，刚付完钱十五分钟就送到了，买了多次了，好吃，干净，营养。
1,卷饼特别好吃～
1,"非常干净,味道也合适,满意"
1,"定的11点45送达,这10点半就到了,上班没法吃,一会只能吃凉的了"
1,最喜欢吃蘑菇鸡肉的卷了！大爱！
1,非常好，第二次点了
1,"好吃,速度快！"
1,好吃！速度快！
1,吃完感觉不舒服，油是不是不好？
1,一个多小时…还好当初也不是抱着快点到的希望定的
1,喜欢宇宙卷饼，送餐也很快，很划算
1,喜欢宇宙卷饼，送餐也很快，就是凉了没有那么好吃了
1,非常实惠，不错！
1,"肉卷吃的我有点腻,个人口味的问题吧,皮蛋瘦肉粥不错"
1,太棒了，速度快，还好吃，只是粥再多一点就好了，希望采纳
1,送的很快，给的挺多，就是微咸了，包装很有心意，感谢
1,味道还行，锡纸包着，还能加热。皮蛋瘦肉粥做的很好比嘉和一品好吃。包装很精致。还有一次性手套，很用心了。百度外卖不能传照片。。。
1,肘子还是比土豆好吃，坚持吃肉
1,还是很好，而且是非常热乎滴
1,送的太快了，师傅很辛苦，谢谢了。
1,味道太甜了～
1,好吃，包装好，干净卫生
1,吃好几次了挺好的
1,味道还不错~喜欢有爱的包装~
1,味道不错，送到的时候还是热的。
1,价格合适，面有些硬
1,很酷的宇宙卷饼，包装高级，分量足
1,送的好慢啊
1,还好味道不错量大
1,"包装超好,饼也很实惠！"
1,太快了。。。。比我定的时间快了一个小时
1,第一次评价外卖，包装好好，饼很好吃，菜也好吃，粥也好喝，大爱❤️
1,鸡肉不好吃，多弄点肘子，不多说
1,挺好吃个额
1,分量够，味道可以，送一次性手套和餐巾纸
1,酱太多了，口味太重
1,好吃挺快的
1,"好吃,挺快的"
1,挺快的好吃
1,"挺快的,好吃"
1,送餐速度很快！
1,东西不错，就是送的太慢
1,价格不贵，肉也够足，要是再加点葱什么的提提味就更好了
1,不错不错？，服务很好，点赞
1,送餐小哥特别好，饭也不错
1,一如既往的的快，好吃。。。。真棒
1,中份感觉男生吃不饱
1,看着很干净
1,卷饼不错！！饭的话一般般
1,"一直很好的卷饼，但是这次拿到餐就觉得纸袋下面湿的，打开包装发现里面粥是倒的……,粥撒了……"
1,包装很好，很干净
1,不错！虽然量有点少，但是很干净卫生
1,味道还是很不错！！速度也还行，包装很不错！
1,还不错，量挺大。
1,"好吃,就是太慢,两个小时才送到"
1,不好意思，评论晚了。。。。
1,"好吃,味美,好吃"
1,很不错，送餐速度加快了
1,不是高峰期订餐，还是很快滴！
1,味道不错，还有手套送。送餐速度也挺快的，满意！
1,很好吃而且有优惠买完9块钱一个。超值。
1,满意，不错
1,"挺快的,文艺范"
1,好吃，要是多放些菜就更好了
1,今天比较慢，幸好同时订了别的，不至于饿着
1,卷饼看着很小但是很占肚子很好吃
1,很好吃，方便
1,"包装很不错,有水准了,卷饼挺好的,可惜里面只有肉和青椒,感觉放些黄瓜啊,酱啊,会不错"
1,第三次购买了
1,粥还可以，饼真不好吃，就是肉块，口感不好，不好吃。
1,非常好吃，包装袋也很用心
1,粥木有勺子
1,第三次点了，送餐小哥这次送的很快，好像是店里的人，终于不是达达了，味道还是那么棒，希望每次都这么快，加油，好评
1,能感觉到店家非常在乎客户的意见，赞一个。
1,京酱肉丝太咸了，建议下次淡一点
1,"菜品足,非常好"
1,好吃有点慢
1,"没有想象中陷大,服务挺好的"
1,就是快递慢了点
1,尖椒土豆丝盐放少了
1,还是更喜欢素的，不过味道都很不错
1,早早就下单了，早早送来
1,还不错，，，经常吃
1,卷饼真的不错！拌饭也还可以
1,不要辣。怎么吃着有辣呢
1,送外卖的小哥不认路啊，等的有点久啊
1,"挺好的,味道和服务都不错"
1,超级快！二十分钟就到了！味道不错
1,可能是第一次来，送的比较慢，还好。
1,卷饼还行，粥太难喝，皮蛋瘦肉粥太腥了，还得自己下楼取，勉强好评
1,在做大一点
1,"纯蔬菜的有些不顶饱,建议要肉的卷卷"
1,就是不能按预定时间送达.....要么晚四十分钟要么早近一个小时.......
1,很好吃，味道很好，若能有一点青菜就更好了！
1,包装好漂亮！
1,全是肉。有点干
1,里面加肉的有些腻，下次尝尝土豆丝的~~但是超级好吃~~
1,态度很好，也很好吃，继续努力啊～
1,每次都直接送到办公室，而且速度很快～
1,很快，也好吃
1,味道很棒，服务也很棒
1,整体还不错。速度如果再快点就更完美了
1,宇宙卷饼，不是盖的
1,领导说这是一个非常适合加班时候吃的略带文艺的小卷饼
1,"包装好有喜感~满满的都是肉~除了有点干,其他都OK~"
1,皮蛋粥不如上一次的，有点稀
1,很快很不错
1,"如果是肉片就更好,饼如果能更筋道一些，就太完美了。"
1,量还不错，酱汁味道也赞，就是性价比稍微蛋疼了点
1,粥漏了又给送了个，很不错
1,非常非常好吃！
1,味道不错，就是送晚了半个多小时
1,吃这还不错。
1,很满意，味道好，量也多
1,味道好，香，量也不少
1,米饭好吃，不会很硬，菜的量还可以，味道也很好。
1,"挺不错的，很好,就是说好的尖椒呢，结果是青椒，一点辣味都没有"
1,"很慢,但很好吃"
1,送错地方了，
1,吃完满满正能量
1,好吃到停不下来...好评！！！
1,"土豆肉丝很好吃，稍咸，少点盐健康点。,京酱肉丝酱太多了，一般般"
1,"不错,满意"
1,量大，味好，速度佳
1,略太甜，腻
1,肉很多，包装很好，味道有点不够重，可以多加点料
1,送餐非常慢！但是卷饼确实很好吃哈，包装也好！
1,这家的卷饼很好吃，但是送餐每次都很慢，要一个半小时的样子。不过还挺值得等的，尤其肘子卷和鸡腿卷。不过土豆肉丝卷一般，肉少。
1,"相当好,包装精细,味道好,送餐速度"
1,"一般,不是特别好吃"
1,推荐给同事的，同事说很好吃。
1,送菜慢了点，但很好吃，不太喜欢里面的香菇，其他不错
1,还可以吃着。
1,味道不错，速度还可以。
1,味道不错，就是量挺少的
1,南瓜粥里南瓜挺多的，凉拌木耳稍微有点大火，土豆尖椒卷饼土豆丝多尖椒太少，面皮稍有点夹生，不过味道还不错，吃一个中号卷饼半份粥一份小菜很饱，不错
1,"太快了,11点就到了"
1,很好吃哦。不错
1,准时，好吃～
1,真实在。菜有点少。肉很多
1,都很满意，挺好吃的
1,买完才发现店的地址这么远。。。味道还可以，饼的皮儿有点硬，应该是太厚了的缘故吧。。。
1,外送员打了5次电话，问地址！真是无语
1,"挺好吃的,就是饼硬了点儿"
1,鱼香肉丝饭和肘子卷不错价格便宜
1,"好吃,好吃,真好吃"
1,不错很好吃
1,味道还可以，就是时间长点，挣钱都不容易，给满分吧
1,不错，卷皮厚了一些
1,真的非常好，比实体店便宜。定了好多次了
1,就是有点慢
1,都不容易全五分吧
1,晚了也没多长时间，差2分钟一个小时吧
1,"好吃,就是慢"
1,卷饼好大，味道还不错，吃着有点撑
1,太快了，送的！
1,皮蛋瘦肉粥料很足
1,"味道和以前一样的,棒棒。"
1,很好，本次也很快
1,挺好的，都是瘦肉，就是感觉里面多加点蔬菜就好了，都是肉，有点腻！
1,物美价廉！
1,嗯，还不错。
1,百度外卖一直是我的外卖首选
1,不错，喜欢
1,相当快的配送！威武！
1,肉很多，自己再配点儿黄瓜吃，棒棒哒！
1,很好，分量足，好吃，包装严实
1,包装很用心，而且还送了手套，味道不错
1,大号卷饼太大。如果胃口比较大。推荐吃两个中。
1,卷饼好吃。外卖小哥服务态度好。各种赞
1,很好吃，挺实惠的，女生买中号就行了！大号太大
1,很好吃，很卫生，很满意！！！！！！！
1,卷饼很好吃，肉超多~香菇鸡肉咸了点，下回尝尝其他菜吧，总体上是不错滴。
1,真够大的，味道棒
1,乌龙的送餐事件！饭很好吃！老板也积极解决了！会继续光临！
1,送货快，味道好！
1,很棒，未来一个月午饭就交给你们了。
1,同在五道口就是送得快，不过好像去年买的时候这个价钱可以买套餐了，虽然就差一碗粥
1,超级超级美味
1,现在的送餐速度是越来越慢
1,味道很好，就是送太慢了
1,不错～特别皮蛋瘦肉粥超级好喝～
1,一如既往的好吃。。哈哈。。粥也不错
1,卷饼挺好～凉拌木耳味道不太对，可能天热有些坏了
1,"送餐快,味道还可以,很干净"
1,分量真足，就是微贵
1,挺好吃的，果汁超级难喝
1,好吃，真的是大肘子肉
1,很好吃，而且便宜实惠
1,吃着味道很不错，也很实惠的店铺
1,很不错的味道
1,送的有点慢，其他不错，好吃，
1,送来的晚了点，味道还是很赞！
1,中分太少啦，吃不饱，女生也有好饭量
1,很好吃，定了好几次了，就是觉得中份有点小，吃不饱~
1,南瓜粥没我送！送的太慢了
1,今天还是很快的。。。。
1,送的很快，味道不错，不咸
1,不错，第二次吃了
1,要是饼再厚点就好了
1,送餐送的很快，比预计的还早，不错不错
1,"给男朋友订的,份量超足,味道超棒"
1,"很棒,包装很好"
1,好吃～～～还不贵～～～还比预计的时间早～～～
1,"很好吃,超值"
1,师傅很辛苦啊，找了一个小时才找到地儿，结果已经到下午了，吃不了了。辛苦师傅了
1,送餐慢了点，餐还可以
1,送餐速度在快些就好啦！
1,味道不错～～～从订餐到吃～～～服务也得周到超赞！！
1,没我想象的大，只有一个卷好了的，差点不够吃！
1,"包装好高大上,好吃"
1,不错不错，卷饼卷的很圆
1,太香了，太大了，全是肉，嘴唇都撑裂了
1,挺好的！包装高大上！
1,这次很好吃
1,有点远速度还行
1,好吃，就是能准时送就好了，早点就早点吧
1,口味偏北方
1,送的太快啦
1,尖椒土豆丝不好吃，别的都不错
1,还行，如果蔬菜拌饭里能多加些辣椒就更好了
1,肉有点少哦~~
1,送的太快了，服务很周到
1,挺不错的，快递员找了好久才找到，很辛苦
1,"好好次！木耳的味道吃不习惯,其他都挺好"
1,赶时间，联系店家提前送的，超赞
1,就是没菜，都是肉有点儿腻
1,这个好吃，大赞
1,专门打去电话改送餐时间，店家也说纪录好了，可是还是11点给我送来了，汗！谁中午饭这么早吃啊！更何况还没下班呢！真郁闷！
1,慢点儿不过打电话说了
1,味道一般为什么没有酱……
1,卷饼里的菜还不错，但是饼有点干
1,提前送达，味道不错，再接再厉！
1,"错峰订的，送的比之前快多了，包装虽然从简了味道还是不错的~,推荐~"
1,速度快，又好吃。
1,还行，肘子吃完有点儿恶心，送餐太慢
1,"服务态度挺不错,菜品质量也好"
1,"很好,就是送货太慢"
1,很大！吃的好饱
1,非常好吃的饼
1,口味不错，速度挺快，还有手套送，想得很周到！
1,"东西好吃,送餐超级慢,送来都快死了,昨天挺快的今天慢的要死。。。"
1,有点辣，送来时有点凉了，其他还好
1,3个小时……
1,"太慢了,每次一个小时以上"
1,不说别的这次速度满分，希望加大量吧。
1,"第一次点的时候,送餐慢，服务态度不好，隔了好久，在看评论都说送餐慢，我也很犹豫，不过抱着侥幸赌运气的成分在里面，试着又点了一次，没想到送餐速度跟我预定的时间刚好，菜也好吃。完美。满分。"
1,虽然是慢了点，可是态度很好的。。
1,"粥跟卷饼都很好,配送也超快,我就想说一点不许就是,真尼玛辣"
1,又快又好又便宜！真心给力！！！
1,宇宙还是一如既往的给力！继续！
1,经济实惠还好吃
1,挺好吃的，京酱肉丝里面全是汁水很不错，肘子也还行，吃了2个和一碗粥，勉强吃饱，感觉有点少，这个中号的有大约5*5*25那么大，大胃的可能2个不太够。
1,太慢了。。。
1,米饭是硬的。。不如上一次好吃
1,各方面都挺满意，老订不多说。
1,肉好少，不过只花了四块钱，也不能期待什么
1,不错，就是吃不惯那个饼
1,送的慢了点
1,这个价格肯定值
1,南瓜粥一般，没有南瓜的香甜味道！
1,棒棒哒，美味
1,饼硬，不太好吃
1,真的很好吃啊
1,"非常满意的餐品,玩了几分钟还是情有可原的。快递小哥辛苦了下雨天不容易"
1,便宜好吃特来推荐
1,"好吃,送的很快"
1,"第一次吃到这么精致的卷饼,锡纸卷!"
1,越来越慢了呢
1,感觉太清淡，而且最好叫店家帮你拌好饭
1,"不错,包装也很好"
1,感谢外卖哥~不错
1,饼还是挺袖珍的，味道不错
1,送餐超级慢啊，味道很好
1,感觉没有外婆家卷饼好吃
1,大家都说送的慢，弄得我不敢选他家的，但是我点了一次，超级快就送到了啊
1,非常划算又好吃
1,发货速度较慢
1,总体来说，不错，最起码价格便宜，花了四块钱，吃了一个肘子肉卷饼
1,"便宜实惠,好吃不贵"
1,肉太多肥的了，选鸡肉或者牛肉的好了
1,感觉这是最赞的一次外卖
1,也就是几块钱的东西吧，感觉标价明显是提高了的
1,肯能距离有些远，配送的比较慢
1,粥特别实惠，还有卷饼
1,好吃！包装好高大上的感觉~~~
1,这个比那个肘子味道好多了
1,配送的真快，及时。很好好强大
1,吃了牛肉，鸡肉和肘子，最后结论还是肘子好吃～
1,卷饼味道不错，粥口感好，分量足
1,微甜，本人不太爱吃
1,整体不辣，粥的味道也可以，料很足
1,评论晚了，不好意思哒，32个赞
1,不错，挺快的
1,第一次吃宇宙卷饼，好吃~
1,纯肉得，有种肉夹馍的味道
1,饭提前到了，而且还弄漏了真是的
1,1块钱吃个卷还有肉哼哼哈哈
1,这次挺好的
1,好吃，不过粥不好喝
1,很好吃，但是外卖小哥就停在学校门外了，而且态度差一直催
1,"好吃,满意"
1,送的太早了
1,肉好多，实在，送餐没法进北医校门
1,"好吃,大号也太大了,能不能别用铝箔包装,成本高加热也不方便,纸包装就挺好"
1,送餐有够慢，说是一个小时，结果快两个小时才到，我总觉得是商家一个小时才出餐，送餐时间也长
1,"卷饼,有有点油,味道还好,皮蛋瘦肉粥,很好吃"
1,很好～不错
1,超快。希望比饼皮能再软一些！
1,挺好吃的，粥也很稠
1,还行，就是吃不饱，下次订大份
1,不错，很好！！！
1,送餐员态度很好，虽然晚了，但还是好评
1,女生吃刚好，男生可能量有点少
1,配送的太太太慢了，催单根本没用，餐厅电话打不通！
1,味道一级棒，就是配送太慢了
1,好吃的卷饼
1,好吃不贵还可以送到楼上，绝对好评
1,挺好吃的，以后有机会还会点，非常实惠！
1,粥一般，卷饼不错
1,量不大，不过挺好的，这么便宜哪找去。
1,"味道一如既往的好,就是粥碗变小了,米也少了说好11:15送达,结果12:30左右才收到"
1,挺好的，优惠力度大，送餐准时
1,味道还不错啦。
1,包装太精致了，很高大上。肉也很多，但是饼有点生，不太熟。
1,味道还好，可惜凉了。
1,确实挺好吃！就是送的有点儿慢！
1,稍微慢了一点，不过老板态度很好。支持
1,速度很慢，盖饭分量小，两份估计都不够吃，习惯好评
1,嗯，纸袋比较高大上
1,很好吃，就是提前送啦
1,还行，就是速度好慢，一个多小时
1,好吃就是太少
1,排骨不错！
1,量太大，吃不完
1,好吃！肉多！实在！牛肉豆芽蘑菇洋葱
1,肉好多！好吃！
1,送餐大叔文质彬彬的：）拯救了快饿死的我。中午赌气没吃饭忍不住点了卷饼，吃一口，整个人都活了过来呀！
1,很快，也好，包装也好，赞赞赞
1,除了速度有待加强，其他都不错
1,就是送餐好慢
1,比上次慢了点，不过东西还是很好
1,好快。这次肘子卷饼青椒和肥肉好多，好辣
1,送的有点慢，其他都挺好
1,包装很好，饼很好吃
1,味道不错，就是感觉菜量有点小有点干，多少带点菜汤就好了。
1,香菇鸡肉盖饭很好吃
1,味道好，价格也实惠，推荐南瓜粥！
1,非常快，味道好
1,嗯，包装的纸袋不错，嗯，就这些了
1,个大量足，吃了很撑，太给力了，还会再来！
1,每天都在吃，就是外卖小哥有点慢，老板能不能让你们外卖小哥把速度提升一点呢？
1,味道有点淡
1,说得再好也是虚的，只有自己吃了才知道。
1,还好吧。饼的口味差点儿
1,优惠活动很超值
1,不错啊好吃
1,卷饼应该比拌饭好吃，拌饭里的菜放的酱太多
1,味道还好，量大肉多，缺点是饭下面都是油，写了不吃辣酱还是辣的
1,还可以哦，下次会再来的
1,离我们远点55分钟送到的，可以理解，饼和粥都不错
1,不错，就是送餐有些慢
1,好好好！！！
1,就是时间晚每次都晚
1,"很喜欢,家常饭"
1,盖饭的味道一般
1,分量有点少，鸡腿肉不好吃，八宝菜原来是咸菜。。。
1,"优惠了很多,很实惠,感觉整体棒棒哒,好吃,包装也好好"
1,超快送餐！
1,"NextDay推：“浮生若梦，恋恋风尘.人生总是一日难，一日佳.”,-,端午快乐！"
1,"用了这么长时间百度外卖，很少认真写评论，这家店真的让我有惊喜，所以认真写一个。一开始选择这家店有点纠结，20,30多一个卷饼感觉有点贵，看评论说30多的吃不了，所以就觉得20的会不会太小吃不饱。但算上满减的话，20的也就5块钱，试试吧。下单后20分钟就送到了，超级快，包着一个纸袋，卷饼被锡纸包着，应该是早就做好放着的，里面还送了一个塑料手套。卷饼相当不错，肉很多，当晚饭吃绝对够了。,很满意，下回还会买"
1,送的挺快，就是加多宝变成可口可乐了→_→
1,米饭太硬了，有的还没熟
1,皮蛋瘦肉粥没味道
1,有点偏甜。。
1,"东西真的非常好吃,鸡肉的那个,下次还吃"
1,东西很好吃
1,挺好的。包装很好
1,包装非常高大上，还专门配备了一次性手套，太贴心了
1,很好吃………………送餐很快……推荐
1,酱少放了点，有点淡
1,锡纸包装很好，但是今天的卷饼里面有不锈钢丝。
1,非常美味！！！！
1,不错就是太慢了
1,"挺好的,不错"
1,味道不错，就是凉的
1,"味道很赞，鸡肉很嫩很很有嚼劲，重点是送餐太快了，哈哈哈哈哈哈，喜欢。,手动10000000000000个赞。"
1,速度还可以，味道好
1,半个小时就到了~而且很值喔~
1,非常划算，很好
1,好吃就是太慢了
1,好吃，清淡不油腻
1,送的挺快的，然而并没有想象中的那么好吃
1,在外面晚赶回来十分钟，送餐小哥还在等我态度也很好，以后肯定多来，点赞
1,不错～很好！！点了两份，中午下午都有了～
1,速度很好，下次也要这个时候订餐～11.30
1,"好吃！！分量足,居然给了这么多肉"
1,非常棒，也很快
1,很快就送来了，棒棒哒，满意。
1,好吃好吃，有好吃又便宜，爱你家的卷饼，而且纸袋很高大上哦！
1,非常好，还发了朋友圈推荐给朋友们
1,很快。。卷饼味道一般但是很值。。。
1,"超级好,喜欢,送的还很快,喜欢上百度外卖了,啊啊,不要胖啊"
1,味道不错，送来的比较慢
1,很不错，不过综合起来还是肘子卷更好吃
1,微辣，还不错
1,味道不错，肉还挺多的
1,味道不错，还实惠
1,如果加酱汁就好了
1,"挺好。,就是备注不吃辣，还是放了辣椒。"
1,肉有点腻了
1,点少了，没吃饱，哈哈！不错！
1,"味道不错,肉少点儿"
1,很好吃哦！
1,送餐很快，肉很好吃，量还可以
1,非常赞，速度特别快！口感非常好！！！
1,吃起来还不错
1,挺好的，不过辣椒酱希望能改成油少一点的
1,粥还不错，饼还没尝，包装挺好，看着不错
1,速度快好多！
1,看之前的评价都说特别慢，想尝试一下10点15就下单了，结果11点就送到了，惊喜啊～卷饼味道不错，很多肉，好评～同事都说下次也要订一个试试。希望一直这么给力
1,我靠简直神速！！！
1,好吃，很赞
1,挺好，挺好吃
1,我记得我是选择下午4点半送的，结果不知道为什么变成了1点多就送到了。鱼香肉丝盖饭好吃，皮蛋粥也好吃，赞赞
1,"服务不错,但是太难吃了啊啊啊"
1,我这人很少打5星
1,速度非常快，味道也挺好，一直喜欢他家的皮蛋粥
1,很好吃，刚开始想着大份会很大，结果想多了
1,挺好，我个人喜欢更瘦一点的，不过肘子确实就这样
1,很好吃！包装也很用心！
1,订了个京酱肉丝，送来个鱼香肉丝
1,有點慢呀…
1,每种口味都喜欢
1,好吃，希望速度加快
1,用来加餐是极好的
1,好吃，送餐慢
1,好吃，荤素比例很好
1,今天的土豆是烂的，而且没有一滴油！！！
1,还不错！卷饼之外其他东西的味道原来也这么好啊～
1,汇源果汁怎搞是苦汁？其他还不错，肘子卷是小块肥肉与瘦肉吧！总体不错，推荐购买！！
1,很好吃，送餐也快，赞！！以后会多订这家的！！#^_^#
1,送餐很准时，饭菜也很好，值得购买。。。。
1,好吃，肉很多。就是尖椒有点辣
1,已经点过很多次了，每次都还挺好的，速度快，菜量足，能吃饱，全满分好评！！！
1,已经点过很多次了，每次都还挺好的，速度快，点两份能吃饱，好评！！！
1,"不错，常客了，肘子的好吃,送货也快"
1,量小，建议饭量大的吃3份卷饼，味道还是很赞的
1,味道好，只不过比预约的时间早了四十多分钟，还好我在
1,就是粥少了点
1,等了两个半小时
1,总的来说没有第一次吃的香了
1,好大一个饼
1,宇宙的味道，很好吃！
1,不错~就是鸡腿肉有点少
1,好吃，就是慢，也怪我点餐晚
1,首次尝试，挺好的。味道不错，包装新颖；不过量有点少，一个卷好像吃不饱啊……
1,还好吧就是肉切的有点大饼不是太好如果是厚面烙饼会好很多，
1,速度有点慢
1,不错，肉多
1,还可以再来
1,面皮好吃。
1,还不错，就是太慢
1,皮蛋瘦肉粥好像胡椒放多了，有点辣。鱼香肉丝的卷饼味道不错，但是甜味偏重吃多了有点腻，分量很足
1,还不错还不错还不错
1,今天晚上送的速度快，而且送餐小哥人非常好。比上次那个好多了，下午才送来
1,很划算，就是送的慢了点，送餐师傅可能新来的，对地形特别不熟
1,速度很快，很喜欢吃适合女生口味的
1,"漏发了一个泡菜,店家很快联系补发了,服务很好"
1,没想到这么实在！肘子量非常足！只是味道略有点儿淡，感觉没有把肘子的香味发挥出来，我琢磨着是不是加点什么酱或者弄点儿蒜泥什么的更好？
1,"鱼香肉丝卷味道不错,南瓜粥还行"
1,木耳的味道真的不错
1,"妈妈很喜欢他家的泡菜,当宝贝一样"
1,第四天了！
1,百度外卖不错，
1,很快，并有点厚，其他都还好。
1,味道还行，但是送得好慢
1,味道蛮不错的，包装也很喜欢
1,味道超级棒
1,过程很复杂，东西很好吃，商家还送了一次性手套。
1,不如卷饼好吃
1,味道不错，口味偏甜
1,粥里有钢丝球的小茬π_π不是第一次了
1,今天太快了，满意！
1,速度慢，都是食物真的很棒
1,包装很好，纸袋洋气
1,"下雨天,还是很快就送到了,赞一下！"
1,好吃而且包装的特别仔细，还送了手套，很贴心，超级满意
1,太好吃了，量又大
1,卷饼很好吃！
1,肥肉略多啊
1,里面有蘑菇。总体不错啦
1,大份的超级大，里面好多大肉块
1,味道真不错
1,鸡肉的加了酱汁，味道更好。送餐小哥态度也超级棒。全五分！
1,太慢啦！80多分钟才送到！
1,饼的味道还不错，但是南瓜粥如果真是六块买的话我觉得不太值，活动满减还不错
1,量挺大的！
1,肉的好吃。
1,送的超级快！
1,嘿嘿，第一家按照我选的时间送餐。好吃不贵，赞
1,非常非常非常好
1,哈哈，名字都够霸气～
1,量足味儿美！
1,真快阿。好吃实惠
1,肉还挺多的，就是送的慢了有点凉，热乎的就更好吃了
1,好吃有点贵
1,送餐大叔太帅了，速度也挺快，小腿肌肉很发达啊
1,"肉多,不错"
1,非常好，一元吃上高端卷饼，太霸气
1,价格合适，味道鲜美。我们公司每天订他们家饭
1,纸袋包装，好高大上的感觉。分量一个女生吃正合适。味道也不错。第一次点没经验，下次会搭配汤品一起
1,下了两单，第二单慢了点，味道还是不错的
1,送餐好慢好慢好慢
1,很快。就是粥有些凉。。外送服务很好哦
1,好吃，就是价格有点高量小点
1,味道还行，量不大够。
1,超级好吃，特别喜欢肘子卷饼～量的话一个够女生吃，男人不够～
1,给力给力！
1,肘子卷饼肉很足。就是我口味重不够咸
1,很好吃的，刚刚好！
1,撑死我了。就是土豆肉丝没见到肉啊。
1,很好吃，就是泡菜太咸
1,全五星好评，好吃啊
1,不是很慢，下雨天还很快
1,吃了很多次
1,不好吃，没有其他地方店面做的好吃，鸡腿肉的酱太少了，特别干，一点都不好吃！
1,包装很牛逼啊，挺好吃的，份量也可以，但是想吃饱的话最好配一个其他的东西。
1,做的比较精致，就是卷的外包装名称写清楚了，不然不知是什么口味
1,"味道可以,加上优惠比较划算,原价买的话就有点贵"
1,送餐很快，卷饼里面感觉再多点酱汁比较好
1,很好吃~~！！
1,很好吃，推荐他家的土豆丝卷饼！
1,非常棒。就是有点少，不够吃。
1,等了两个小时。
1,送餐超级快，当然也是我定的早~可惜拌菜的没有炒菜的好吃…
1,"活动很给力,实惠,好吃"
1,"有点慢了,希望下次加快"
1,4块钱超值的！！！
1,很好，超值
1,"送餐很快，分量够大，服务态度好，就是蔬菜牛肉卷的蔬菜里没有叶子菜只有豆芽和土豆条，牛肉的肉筋多了点,总体很满意,性价比高"
1,味道不错。速度很快。包装也不错。有创意。
1,非常好，很喜欢，包装很精致
1,不错，味道很好
1,"找不着地儿啊,那个大哥"
1,味道还可以，量也挺足的。不过现在是用代金券和支付优惠，如果单论单品价格就比较高了
1,好吃，不过送餐师傅的方向感要加强
1,额，还行吧，下雨天送餐员不容易
1,挺快的，味儿也不错
1,今天晚了50分钟送到，大下雨天的送餐不容易，饭不错，凉拌木耳不好吃
1,包装好棒啊
1,送餐人员很给力，直接送到门口
1,送餐挺快的，送餐员也不错，不过感觉饭没有卷饼好吃。
1,有点慢～～～送餐时间不稳定
1,很快，包装很好
1,还是很准时的
1,味道非常不错！只是送餐时间比较久。
1,"东西好好吃,就是速度好慢,说是十一点多送到,结果十二点多才送到"
1,我天。。。速度太慢了。。。十点半下的单，十二点半才送到，艾玛
1,肘子卷饼很好吃，推荐
1,整体不错，只是速度慢了一些，土豆卷略清淡
1,今天来的很快，赞一个。
1,到很好吃，就是送的比较晚
1,"赞！超级好吃！,配送,保温,全部高大上！"
1,"不错,略干"
1,送的有点慢…酱香卷还是很好吃的
1,好吃！送的也快～
1,第一次点，挺好吃的。
1,太赞了～宇宙速度～10分钟就送到～
1,"超级超级快,好高大上的包装,还会再来哦"
1,虽然送了3个多小时，但是态度很好，反正我也不急着吃
1,"肘子的挺好吃的,就是略干,要是卷的菜里略有汤汁就更美味了,南瓜粥也挺不错"
1,还可以，就是等得太久太久了，两个小时
1,还蛮快的，味道也还不错，我喜欢~
1,太慢了，给送了瓶饮料，服务还算好，希望能准时送达
1,"很喜欢吃,卷瓶很实惠"
1,还行，挺好吃！
1,"还没有吃,感觉不错"
1,送餐很快，4:30分提前送到，分量很足
1,很好吃而且超值
1,还好，就是送的有点慢，饼都没有嚼劲了。
1,潜力股，你值得拥有
1,潜力股，你懂的
1,非常好，夏天正合适
1,很好吃，量很足
1,晚上果然送的更快，要是能把我定的两个一起送来就更好了，支持支持！赞！
1,超级推荐香菇肉丝～～～～～凉拌木耳味道不错～～～
1,两个能吃饱，但锡纸包得不合理，很容易咽下去！
1,大哥赶紧给我送饭吧，我都等了一个多小时了。
1,"又好吃,又准时"
1,"很快,菜分量足,超赞"
1,好极了，超值！！
1,"粥的味道还不错,饭也不错,拿纸袋装感觉好有B格,下次还会来的"
1,包装好，送的快，价格合理，希望种类再多点，做的更好吃些
1,挺好吃的~
1,还可以，包装干净卫生
1,快，从下单到吃饭，15分钟。
1,非常贴心，送餐四十分钟，小哥沟通四秒钟，飞一样的小哥。说还有好多没送。下次再定。
1,精致，给了手套和餐巾纸，味道还好！！
1,粥少肉多，哈哈
1,非常好吃~送餐小哥好早就到了~
1,挺好的，粥碗破了，粥全洒了，和客服说后立马补送了
1,送餐师傅人不错
1,包装很好，味道也还可以，就是名字太俗
1,"味道不错,有点微微辣,可以说不要辣!"
1,"卷饼不错,就是有肘子有点肥"
1,"土豆肉丝卷有妈妈的味道,而且今天送餐还很快,大赞"
1,不错，外卖小哥挺好玩的，东西不错，我觉得肘子的好吃！就是粥吧，有一根很短的头发。
1,饭菜不错，速度太慢了
1,味道还可以，对我来说，咸了点~
1,很好吃，不错
1,味道和包装都不错
1,包装高大上，味道不错
1,包装好，味道好，很满意。
1,鸡腿肉卷饼肉很足，但有点干
1,超级大一个土豆丝卷饼！吃完晚上都不用吃饭啦！
1,"1、尖椒土豆丝，说好的尖椒呢。。。全是土豆丝。,2、大号的卷饼，有点太大了。。。。。。,3、粥不错"
1,饭很好吃，不过送餐速度真的很慢，我等了三个小时，疯了
1,很不错哦包装很好
1,"可以,就是太慢"
1,觉得酱香更好吃
1,"挺好吃,就是小贵,如果没立减的话"
1,味道好，干净，包装精致
1,"送餐速度快到令人吃惊,10分钟！！！"
1,不错，送餐小哥对不起了，打电话不知道怎么了没响～
1,老板态度非常好
1,"好吃,不错"
1,量少，味道不错，微贵
1,晚了一个半小时才送到，但看到送餐大叔辛苦的样子，还是好评吧，大热天的也不容易
1,很好吃，但是送餐有点儿慢
1,服务很好，昨天吃的，今天补单的。
1,"不错,送货快,包装好"
1,分量挺大，女生吃不了，稍微有点辣。
1,很好很不错，很干净，很满意
1,这个味道一般，不喜欢
1,挺不错的~
1,包装很高大上～味道一般
1,餐到的挺快的，服务态度也好，卷饼应该也会很好吃~还送了手套，挺值的，卷饼中型的巨大~卷饼好吃……
1,味道还好。服务态度真的很好～！
1,好吃，很清淡
1,还没吃，送了一个小时，速度有点慢
1,送餐有点慢
1,好大一份啊，很好吃
1,好吃！送餐时间准！赞！
1,大哥送快点好么～～～～～
1,非常好，包装很仔细！卷饼用锡纸包着，过了半小时再吃依然热着
1,大份太大了
1,包装好好，还用铝纸包装的，
1,粥有些腥，饼有点腻
1,非常好！包装！和味道！快递也很赞，EMS能这么快，哈哈
1,上次少的粥我在备注里写了，果真送到了。
1,包装好用心呀，点赞！
1,说得再好也是假的，尝了就知道了
1,好大一份！
1,送餐太慢。。。，我觉得是太饿了，才感觉好吃。
1,还不错哦~推荐！
1,"挺好,有优惠合适"
1,卷饼到处流油，从锡纸里剥出来也很麻烦
1,"又一次来,不错的说"
1,挺好得。买完了皮蛋瘦肉粥还给我打电话问问要不要南瓜粥。赞
1,好就一个字
1,经常订餐非常好吃，还很干净。
1,还挺好吃的，还好给我放了平时一半的酱~
1,好咸的酱香鸡腿啊！
1,味道还可以，就是送错了，京酱肉丝变成了香菇鸡肉
1,好吃，速度也快
1,赞一个。很快的
1,"八宝茶太太太...咸了,木耳和南瓜粥不错"
1,用料十足，很好吃！
1,非常快，没有肉，估计是不在正餐时间的原因
1,很好吃，谢谢
1,粥好喝，卷饼也还可以，非常满意
1,还不错的，肥肉和肉皮有点多。其它的土豆丝卷饼很不错哦！
1,送晚了，饿得吃得很香
1,东西还不错，但是送餐速度太慢了，不能按时送达，第二单两个多小时了，还没有到，这速度真是醉了
1,很好，很快就送来了，谢谢
1,"很好吃,包装也很高大上,惊喜"
1,包装服务都很好～也很正规的一家外卖～就是本人不太喜欢甜面酱的口味～下次不会选这个了
1,速度很快，饭菜都不错，就是不够辣
1,送得太慢了～味道很好
1,好，味道不错，准时送达。
1,餐送到门门口，态度很好，包装很棒卷饼用锡纸包着，味道很棒，之后还会买
1,挺好的，包装环保又有品。
1,"这次送餐时间有些长,打电话去催,客服服务很好,送餐员服务也很好,菜也是热的,所以还是五星啦！不过土豆肉丝卷基本没有肉"
1,送餐有点慢，但是味道不错。
1,送餐太慢，饼也不好吃，里边都是肥肉
1,很快就送到了，20分钟，很不错的，南瓜粥很好喝，谢谢~
1,送餐可能没有看我标记的送餐时间，提前送来了，飘香肘子的很好吃
1,味道还行，用百度外卖比到店里划算多了
1,简直太好吃，不过我弄了一裤子油TAT皮蛋瘦肉粥棒棒哒！
1,"挺好的,挺快的"
1,送餐很快，人也跟nice，好评！
1,"很准时,服务好,就是这份南瓜粥,有点奇怪的味道"
1,非常棒！好吃
1,超级好吃~明天还定~
1,就是太慢了，对方送错地方了，无语
1,很好吃很超值
1,很好很不错，就是有一点儿淡～
1,送餐真的不快，鱼香肉丝的不错～
1,分量很足，不错，都是肉丁，还有青辣椒，不腻，下次尝尝别的口味的。
1,面皮感觉是生的？？怎么理解这个软趴趴的口感？里面挺辣的，味道给个个人不喜欢，牛肉咬不动直接咽下去，蔬菜是一些豆芽
1,还是很好吃的，就是有时候菜品卖光了！
1,"送餐哥们很好,谢谢"
1,味道还是可以哒，肘子好香，青椒的量也恰到好处。就是送餐太慢了，两个多小时才到。第一次来时我正在上课没有取到，送餐的叔叔下课后又来了，还给我换了热的肘子卷，态度好评。
1,菜味道一般，南瓜粥好喝
1,好吃好吃好吃，重要的事说三遍
1,"好实在的卷饼,够值"
1,好好吃～～
1,"好吃,干净,肘子的肥肉也不腻。百度活动给力,一百分"
1,还不错、不过还是喜欢可口可乐
1,九点多订的餐、等了两个多小时。速度太慢了。
1,外卖小哥态度很好
1,不错呢。。
1,送餐大哥送到门口态度很好～
1,非常好吃！！！！推荐推荐！！包装也特别好！
1,味道不错，饼里面肉可以少点，菜多点！
1,很好吃很实惠～但有点不够吃，要是加送点当主食的饼就好了～
1,饼如果弄得再薄一点是不是更好吃呢？刚咬头两口我以为我是在吃馒头
1,价格实惠，值得购买了
1,肥肉有点多
1,这次晚了一个小时……我也是醉了
1,太慢了。挺好啊
1,菜品选择再多一点就好了
1,宇宙卷饼非常棒
1,超级实惠，就是有点肥
1,喜欢他家的土豆肉丝卷，口感偏硬，适合我的好牙口！尖椒土豆丝太油了
1,很早以前就听说过宇宙卷饼，但是一直没时间吃到。不得不说宇宙卷饼包装让人眼前一亮，顿时觉得逼格提高了一个档次。土豆肉丝卷饼的吃起来比一般的摊卖的好吃一些，用了满减优惠之后很划算，总的来说挺不错的。
1,被骗了感觉，就一个卷饼，特别小，但还好送了可乐啥的，。
1,"很客气的大叔，卷饼very,good"
1,送餐有慢，但品质不错
1,味道不错，肉量很足，不过感觉有些油。很贴心的附送一次性手套。
1,包装好，味道也不错，就是粥有点凉，但卷饼太好吃了！
1,下次记得给我带肘子里的醋
1,"送餐很准时，包装太高大上了点。。。锡箔纸卷饼，牛皮纸袋打包,。来说说这个肘子卷饼，肥肉太多,我全挑出来了。。。味道还可以的,但感觉不像是肘子上的肉诶,皮蛋瘦肉粥很好喝,就是相比较其他家分量有点少"
1,第1，美好的态度让我沉醉！餐哥迈着小碎步态度像一阵风，我这距离本来就远他就迟送了3分钟，送来时一脸抱歉一个劲的问我没迟吧？没迟吧？我心已融化……第二，干净不油腻的包装让我太high！牛皮纸带包装，锡箔纸卷饼，这尼玛干净良心的包装，宇宙卷饼！你们赶紧上市好吗！第三，提一个小小建议，宇宙，你们可以把饼做的辣点嘛！！！我写着辣辣辣！可是还是没有辣嘛！其他一切太美好！明天继续宇宙外卖点起！
1,送来的时候粥撒了…不过小哥很帅跟客气…
1,送来都凉了
1,很好吃！肉很多，很实惠
0,味道还差点。。
0,菜有些凉了，干锅牛腩的洋葱太生了，菜量太少
0,"写明是两个盖饭，结果是一盒拼饭。,面冰凉，还得重新加热"
0,配送员送来的时候洒了很多
0,什么玩意，清汤寡水的！
0,宫保鸡丁里居然有一堆茄子，太差劲了
0,总体不错，不过凉皮的小料如果能单独提供就更好了
0,"少份瓜条,多了份饼,秩然鸭架没有送来"
0,鸭子只有一小盒肉，就没收到过肉这么少的烤鸭，半只烤鸭我信，一只我真不信！
0,我以为红烧肉是由而不腻的那种。。结果很硬，不好吃，而且面也很咸。花了3顿的钱等了一个小时吃到觉得很失望
0,这次的排骨极其不新鲜！
0,"送的玉米发霉的！太恶心了！黄焖鸡量极小，味道一般，骨头多于肉。米饭量很大，然并卵。,要求十二点送过来，十一点半就到了，放到十二点吃已经凉了，差评！"
0,米饭里有一只蟑螂，让人怎么吃
0,"这是红烧豆角啊,还红烧肉呢,什么啊"
0,"量太少了,包装就是浪费"
0,真烂，送的还晚
0,有机菜花里有虫子
0,"都在一个小区,给我送了一个半小时,即使11点送,也等了一个钟头,小炒肉名副其实的小,肉小而且少,照片上的大肉片是拿放大镜照的吧,多亏了我看评价,知道量少,又买份米,不然妥妥的又要买零食"
0,被图片欺骗～就这样吧，有点失望，还等了好久
0,服务没问题，但是不好吃…
0,菜有点少，饭好吃，送餐慢
0,送餐太慢了，等了1个半小时；味道还行。
0,华清家园距离清华科技园就这么近，我也看你们店里说明了，要早点订，10点40多就订餐了，你们店里写的11点送餐，竟然两个多小时才给送来。这太说不过去！
0,小菜豆皮坏了
0,菜量小，那送餐用的车箱太脏了。
0,菜少了些，其他的还行吧
0,今天有点点小雨，送餐真的慢。吃起来口味一般吧，可能是黄焖鸡就要特别热的吃才好吃。
0,肉特别软，感觉肉质巨差
0,味道还好，但是送餐实在是太久了
0,"没有发票，我还要公司报销呢。。,菜有辣味，好吃,就是量少了点"
0,干锅茶树菇和上次送来的不一样，有股臭味！
0,连续吃了两回了，味道不错，菜量小。不太够吃，最重要的问题是今天的干锅茶树菇里面的肉有几片没炒熟……下回请厨师大人一定要炒熟啊！
0,菜越来越少了！米饭也少了！
0,等了100分钟
0,"慢慢慢！！！！差差差！！！！送来都凉了,第一次点这家，也是最后一次点了！"
0,速度比以前慢，菜品比以前差，加油吧！
0,菜品质量啊不错，但是送餐速度也太慢了。
0,没有给送饭，还显示订单完成，不退款。投诉后也没有消息，不是在乎，而是没有重视用户体验。
0,吃得不过瘾。
0,快递送的很差，餐送来以后汁洒了一袋子，根本没办法吃
0,真的是超级慢啊，以后不会再选了
0,一共就五六块牛筋，其他都是菜，菜量也不多，这好意思好称30的套餐。。送餐员不认路，隔100米就要让我自己下楼去拿，这也叫外卖？
0,要求11点半送到，结果12点半才送到，还都是凉的，理由是下雨…给两分算是给食材和味道点面子
0,"味道还行，但是送餐太慢了！！！,饭菜全凉了"
0,两个多小时才送到，，咱是送不了，可以限制流量
0,11点定的，一点多才送。
0,垃圾，订了将近三个小时还没送到，电话打不通。
0,有点辣，送餐慢！
0,有点咸了其他不错
0,味道还不错，但是送餐真的好慢，明明不是很远，一个多小时才送到。
0,10.40定的，11.50到的，真是服了气了，黄焖鸡吃的像红烧鸡块，不说了，绝对不在这里点了
0,从来没有这么糟糕的订餐经历！中午12:29下的单，12:32收到确认的短信，至此一直到两个小时以后无人送餐无人搭理，无奈下致电商家，无人接听，致电百度外卖客服，告知会尽快联系商家给我回电，一分钟后商家用手机回过来以后，态度非常轻蔑，一句“这不是网络有问题嘛”就完事了，最后15:00送餐的到了，还不愿意送上楼，我下楼以后对方直接一指旁边桌子上的塑料袋嘴里就哼了一个字“那”，转身就走了！经过了这一次，我算是明白了，以后订餐绝对不先在网上付钱了，打死也不在这家店订餐，想在这订餐的朋友，如果你能忍住两个多小时肚子饿，那你就订吧！利于减肥！
0,菜量太小米饭太多
0,"孜然鸡丁饭没有上次好吃,而且还提价了一块钱,宫保鸡丁一般"
0,太不靠谱！不是漏发订单就是菜送错了，要不就早送一小时！！！
0,太慢了等了一个半小时..
0,"蒜苔肉丝饭咸死了，差评,其他还不错"
0,送错餐了，定了两个宫保鸡丁，结果送来的是一个宫保鸡丁，一个西红柿炒鸡蛋。索性西红柿鸡蛋也能吃，就直接吃了，不可能等着再送一份。
0,饭送到后都凉了
0,10:26下单，13点才到，定了5份只送来4个……菜太咸，总之服务太差
0,"我要换的东西没给换,而且量还比以前少,送餐速度将近俩小时,送来还都凉透了,这是要作甚？"
0,太慢呀就是
0,很晚才到的。
0,估计是人太多了吧，很晚才送到。
0,好吃。但是送餐时间3小时
0,送餐这个慢啊…………别的不说啥了
0,"等了两个半小时,年前也就这速度了,电话也不接"
0,速度太慢，饭菜也比较少，味道倒是还可以。
0,"啥也不说了,等了两个半小时"
0,今天太慢了~
0,饭菜质量一般般，可选的饮料种类也少
0,口味还行，菜和米饭太少，送来的时候都是凉的
0,口味挺好的，就是米饭再多点就好了。而且我也备注多加米饭了。
0,"12点下单,13：15送达,还好味道不错"
0,米饭很硬很硬！菜比较油，菜量小，米饭多。
0,慢就一个字，饭菜全凉了，所谓的粗粮饭就是白米饭里插了半拉玉没有下次了。米。
0,是不是也太少了！吃两份也不够啊！
0,"反居然给我们送丢了,让我们等了两个多小时，简直了！"
0,"一般,不好吃"
0,没送上楼，说保安不让，但其他人的都可以
0,还能再慢一点嘛！！！！！！！一个半小时！！！！真不愧新店！！
0,好咸好咸好咸，两份菜下肚估计吃掉了2量油1量盐，虽然盐是属于腊肉的但油是属于肥肉的。不过咸到这个程度我也是醉了。送餐大叔态度很好。
0,"菜品温度差,菜品味道佳"
0,送餐态度太差了，给他说了好几次我的地点，他每次都要走离他近一点的路，让我多走好远，丧失路外卖的意义
0,尼玛，十一点不到餐就送来了，你家10点多开午餐的？上次一单两点多还不到，第一个询问电话说我已经收到餐了，第二个询问电话接了说帮我问问，然后就没然后，电话放着忙他的去了，第三个询问电话说没把我的订单看漏了，麻烦跟客人打马虎眼的时候统一下口径好吧？没其他评价：去年买了个表
0,3个小时没送到，打了2次电话说会联系我就没结果了
0,送的太慢，太慢太慢太慢了！送来的时候饭都凉了。
0,到餐时间真心很长，送餐员就说了个路上堵车然后拿钱就走了。。。。。
0,谁也别来这家别怪没提醒！忘记评价了百度外卖软件逼迫完成订单，其实这份饭十点半定的，等了一天压根没有送！！！店家还逃避不接电话，把店铺立刻下架让人找不到，找到后显示“店铺下架”！
0,10:22订餐的，12:10才送到，而且送来的饭菜都凉了，很不满意，要求商家给我回复电话！！！！
0,1点多了，两个多小时了，一直没送到。太垃圾了！再也不订了！
0,狗屎餐厅，送餐3个小时，还没咖啡，一杯咖啡送了3天，客服电话打了6个以上，餐厅电话一个没打通，老板什么态度，一杯咖啡就不给送了，住店家早些倒闭，谢谢。
0,"送的挺慢,菜里的汤汤水水全撒了,另外,我要的是红烧肉,怎么送来了土豆炖肉"
0,"真棒，,这速度，,送餐在疯狂奔跑中,跑了俩小时。"
0,"服务态度差:打了10个电话都没接通;,送餐速度极慢:,2个多小时才把饭送来;,送餐员态度极其恶劣,竟然威胁恐吓我们,定过的的所有餐厅里最差的"
0,送餐速度太慢，订餐后两个小时才送达，服务态度极其恶劣，打电话退餐电话总是占线
0,2个小时送餐时间，但是商家说下次会送一瓶果汁补偿，给个4星吧
0,不要定这家，送餐太慢
0,就是太慢了，我12：44才收到，晚了一个小时，饭都凉了。
0,速度好慢，性价比还可以
0,十一点七分订餐一点送到。很牛逼的饭店，那么久没送过来想取消订单电话总是打不通。细品粗粮？？？饭店名貌似叫细品干锅辣鸭头。百度了他家另部座机能打通没人接…送来的餐盒还烂了～订餐的朋友们注意了啊……真心没田老师红烧肉份量多…个人意见
0,今天送餐时间还不错。就是小炒肉没几片肉，尖椒辣得没法吃。以后再也不订这家外卖了！
0,10点50下单，店里电话一直占线，经过多次网络催单以后，12点50分才送达。和这种糟糕服务和效率的店家合作，百度外卖迟早自己把自己玩死！
0,"难吃,差评,送了,整整两个小时，想发脾气,投诉，送餐员说跟餐厅不是一家，不想要可以,退了，气得人一点脾气都没有，差极了，以后再也不用了,妈蛋！！！！"
0,竟然是凉的！
0,定的土豆牛肉，要求11:30送到，结果13:00送餐员姗姗来迟，而且送到的时候牛油都已经结成冻了。现在天气冷，送餐员很辛苦，希望商家多增加点送餐员，不要因为一点小利只雇佣几个送餐员，而因为延误送餐而损失顾客。顺便一说，那个粗粮饭不就是普通的白米饭吗？我多加了6块钱就换了一小瓶拿铁？很不划算。
0,"菜什么的是挺好吃的,但是10点20订的餐,12点40多到,伤不起,已经好几次这样了,忍无可忍了"
0,俩小时没人送，电话打不通
0,"送的太慢了,2小时,菜都冷了"
0,服务太差了，晚了两个小时
0,送了2个多小时也没送到！最后取消了订单
0,总是很晚送到
0,送餐时间超慢
0,请关注送餐时间
0,自作孽不可活，说了以后再也不定这家，我就是手欠！
0,"有点凉,饭很硬,不会再定"
0,严重超时不说，饭菜都凉了。差评
0,"太慢了,太辣了,小炒肉"
0,味道不错，送餐时间不敢恭维
0,菜凉了就忽略不计了，最搓火的是辣椒都柴了好像都没有炒熟。真是痛苦的订餐经历！！！
0,还可以，比预计时间晚了一小时到，不过还好
0,没收到餐~~11:45分送，13:20还没送来，退了
0,油特多，菜都是剩的还有点发酸，节省成本也不能这么省吧。。。以后再也不点了。
0,等了两个半小时，等哭了。
0,都凉的！没怎么吃
0,不到11点下单，一点半才送到，如果你想饿死，就定这家吧
0,"能再慢点吗,我10点订的，下午1点多才到？再也不会在你家买了"
0,辣，饭冷啦，都两三小时才送来慢
0,我已经不想骂人了，我只想打人！跟同事一起订的让11点半送到，结果同事的送到了，唯独没有我的！打电话问店里（很难才打通），他们说11点20就送出了，那为什么没有呢？打了好几个电话催，终于在12点30多送到了，这一餐吃得艰辛啊，还害我午休时间都没有了！再评价饭菜吧，米饭不错，是大米饭，软硬适度，但是菜一般，不值，加一起差不多也就值花的这些钱，加上百度给的13块就实在是不值了，不知道是百度被坑了还是我被坑了。三次订餐都很失望，我不会再在百度外卖订餐了，失望至极！
0,太慢啦，2个多小时才给送过来
0,太辣了。。不会再爱了
0,品味一般，F服U务C差K！
0,送来都冰凉了
0,"两个多小时都没送过来,联系百度退单了,下次不会再订了"
0,送的是在是太慢了
0,东西挺好，有点儿辣有点儿咸。送餐速度慢哭了。。。。。。
0,"本单实际送达时长为169分钟,口味什么的就不重要了吧,对耐心要点32个赞哦"
0,"送的太慢了,将近两个小时"
0,太慢了送的，服务态度还是不错，不过速度实在不能忍受，不会在订了
0,"提前预定说11点45送,结果快12点半才送到,好慢啊,孜然鸡丁的味道还不错"
0,"宫保鸡丁饭,没啥鸡肉,花生一大堆。"
0,"这个订单根本就没有送到,让我们等到1点多，信誉太差了，之前还一直在他家订饭。"
0,饭还行，催单的时候接电话人态度不咋地。
0,9点58分订的餐12点15才送来！头一次碰到这么差的服务！不要了！
0,送餐速度极慢，完全忽略备注。还好饭菜不错。
0,味道还不错，但是不是第一次送延误了，这次貌似还给送错了。。。等了好久饿过劲儿了已经，本来很好吃的西红柿鸡蛋都凉了。。。送饭过来的时候连声抱歉就给个三星吧。希望以后改进！
0,太慢了太慢了太慢了，饿死了，味道还行！
0,"送餐时间很准时，但“酸豆角焖肉饭”名字有点误导人，其实就是＂酸豆角炒肉末＂，根本不是""焖肉""啊。这次的米饭也不是他家常给的粗粮饭，就是白米饭"
0,等了一个半小时，14元钱，你就给我吃这个？？？酸豆角焖肉？我和同事的加起来，里面的肉馅都不够包一个馄饨的，评论不能爆照片，要不我就发出来给大家见识见识了。毫无疑问的大差评！
0,味道还好，就是送餐太慢了
0,味道还凑合，就是送的太慢了，承诺40分钟送到，结果用了100分钟
0,骑个自行车送饭，不好吃，下次不会再订了。
0,真是不想评价了，等了一个半小时多，菜难吃
0,味道不如从前了，是不是换厨师了
0,菜是凉的。11点10分下单，13点才送到。
0,没饭了还是不想送了呀。我们十点半点的餐，你们十二点打电话告知我们点的餐没有了，什么人啊，不想送也不能耽误我们店别人家的，我看你们干脆倒闭算了，气死老娘了。差的我都不想再说你们什么了
0,催单过程中，餐厅服务员态度一般！没说完就挂电话！
0,送货慢，订的排骨没了，换了个黄焖鸡，有点辣
0,"今天送的超慢不说,还送错了,明明点的排骨豆角给送的黄焖鸡,最讨厌吃鸡了,但是时间太长好饿还是吃了,只吃了一块,好难吃,为什么不打电话问一句给我送别的也行啊,为什么是鸡肉,太讨厌了"
0,"送错单了！！！！态度特别横！！！特别差！！！！我特意确认收货,给差评！！！态度太恶劣了！！！说一会儿再给送,问还得等多长时间,他说那不知道,我们说那就不要了,他还说送都送来了,意思是必须要,态度特别特别差,就跟我们做错事一样,没见过这么牛逼的送餐的！！！以后再也不会定了！！！"
0,11:10下单的，等送到的时间是差十分钟2个小时。
0,点了两份饭就给了一盒米饭，送餐小哥打电话根本不知道他在讲什么！
0,土豆都没熟！牛肉做的太老了～
0,面都坨成一起了，建议点面的及时送，不像米饭
0,恩，不错，吃了一次，上了3次厕所，
0,面送过来都变成饼，兔腿又做越小。
0,什么牛肉？嚼不动，没法吃
0,菜做的很棒，可是送餐送的好慢啊
0,吃了这么多次了，这次竟然有块大石头，不注意还以为是猪血，太吓人了
0,送的面由于送的时间长都不好吃了
0,食物还好，送餐太慢了，而且还给送错了。
0,送错了，要的辣的，给我的渝香的
0,送餐太慢了，10：30订餐，12：30才送到，饿死我了，没有下次了
0,牛肉套餐还可以，就是送餐超级慢啊
0,小碗牛肉用盒子放在装菜的盒子上面，送到时，下面的饭盒盖子被压扁了，上面的盒子就那么陷在下面的菜里。小碗牛肉里有头发，恶心的全倒了。
0,比预计的送达时间晚了半个多小时
0,面也太少了，才半盒，我就没吃饱
0,"实在味道太差了,太不值得了"
0,送餐的不给送上楼，让自己下楼取
0,咋的了？送餐员啥态度？办公室门都不进扔门口桌子上了，门口没桌子你打算给我扔地上啊？假期结束你心情不好啊？我还心情不好呢，吃你们家东西多少回了，现在都这样态度了，米线碎了都
0,"太难吃了,一定不能选他家"
0,"你们送餐员什么态度,就那个年轻的胖子,草"
0,打开袋子才发现没有卤蛋，怎么搞的？
0,是我吃过的最难吃的鸡肉
0,配送员态度很无语，哎
0,味道一般，太腻
0,卤蛋忘了送，后面请补上。
0,现在我就一句话我去你妈了个逼
0,一般般还很慢
0,这送的无语了，提前一小时送到了，嫌饭太烫让我晾一小时吃么。土豆牛肉22不值..不会再订了
0,送餐太慢一个多小时
0,差评，退款太慢！我说的是百度！
0,辣椒醋备注了都不给我，啥意思
0,已经连着两天晚到了！
0,只有5块肉，越来月不地道了
0,"面太软了,味道一般"
0,感觉挺不错的！
0,点错了！还没到
0,11点半送，12点才送到！
0,送餐的师傅，服务质量太差，送过来都已经坨了
0,猪蹄有点腻！没有那么香，不是很好！
0,凉面醋放得太多了，酸掉牙。厨师的水平真的是够了
0,五十分钟送来面都妥了，第一次订餐半小时送到了，后来就不给力了
0,面都成浆糊了
0,电话接线人员服务差
0,味道不错，价格也可以，但是评价给一星，就是对接线员的服务态度，实在太差了
0,接线员的服务态度差，都不敢打电话咨询了，其他方面很好
0,接线员态度极其差
0,挺好，评分给的低就是针对服务态度，接线员工态度太差。建议以后订餐能等就等，别打人家电话催单
0,接线员工态度太差。其他的还不错
0,其他的先不说，就服务态度，接线员工态度太差。建议以后订餐能等就等，别打人家电话催单
0,收了配菜费，却要我去自己去取，真是醉了
0,我要去百度外卖投诉，送到海泰大厦2个小时，我也是醉了，菜都凉了，还打电话让去楼下取，送餐费不是收了吗？
0,两个多小时送到的，还好我没饿死。吐槽一下百度，为什么不能在线取消订单？
0,太慢了，我等了快一个小时，下单时候说明我很赶时间，还是很慢，下次得早点定
0,味道还行，比较辣
0,时间太慢，送了一个半小时，但是很好吃
0,小鱼府一贯的伎俩，送太迟了，就说打电话关机，然后用店里的座机打过来解释一通，真心受不了
0,咸到我不得不评论了←_←，盐不要钱也不用放那么多吧！！！！！活久见
0,等了95分钟
0,"真他妈的慢,我等了两个小时,打客服电话也没人接"
0,吃了这顿饭，拉了一晚上
0,味道不错，速度太慢，六点半定的，七点五十才到
0,"吃了一会儿,不过味道还是很不错的"
0,之前送的很快，今天不知道为什么特别慢，送餐的还不认识路，就在他家馆子门口……
0,我就搞不懂了，红烧肉河粉还放辣椒油？
0,牛肉由肉片变成了肉块，很不好嚼。
0,一个步行5分钟就能到的店，2个小时才送到，说到学校了，40多分钟没给我联系，不清楚这家店到底怎么做生意的
0,粉没有办法吃了
0,永远不看备注
0,"太慢了,我等了一个多小时才送到"
0,等了将近一个小时，快饿晕
0,送餐太慢，太慢
0,送餐太慢！！！
0,送餐很慢，态度很差，还要自己取！
0,送的特别慢，服务态度不好
0,送的特别慢，还要自己去取，不好吃
0,图上有饮料，实际没有！
0,吃的菜里头有清洁球的钢丝
0,我买了卤蛋，没送，每次都比预期时间慢半小时
0,速度慢，1个多小时才到，而且，我的面竟然没有汤
0,送餐的没到就打电话，等了两分钟不来。之后问他到了吗，不回答还挂电话，什么态度！
0,请问您给我一根筷子怎么用啊
0,"等了快2个小时了,你们就不能提速,多派几个人送吗,差评！"
0,两个小时，也是醉了
0,今天菜太咸，连着定了3天吃，一天比一天难吃。
0,太慢了，送了90分钟。
0,餐盒很差劲，汁全撒了
0,送的太慢，10点40下单，12点42送到，今天再试试，看是不是还这么慢
0,今天少给了烤肠.......来个差评吧
0,没什么味儿～～
0,味道很好，就是送餐太慢了。
0,等了一个半小时才吃到了午饭。牛肉还不错，芹菜老了。
0,送来的面都黏了，送货太慢了，等了1个半小时才到，从你店到我这10分钟的路程都不到，还能送迟，我就服了。
0,又少给了烤肠无语
0,为什么我订的鸡蛋，饮料什么的老是不见了？擦
0,第一，这个系统怎么回事？明明12:50才送到，下方黄字系统写的11:52到达。第二，这次包装很不妥，饮料把菜盒压扁，菜汤粘了饮料半罐，送的餐巾纸是用来擦这菜汤的吗？第三，米饭很一般。
0,送餐太慢，送过来都凉了
0,服务态度不好！送餐太慢！
0,送餐速度实在是太慢了，离的这么近还这么慢，如果是订餐高峰时间就应该多派几个人送餐，一等就是一个多小时都该吃晚饭了
0,土豆要多煮一下
0,味道一般～
0,菜送来了，烤肠没送来。
0,红烧肉里有沙子，配送还把汤倒出来了
0,送餐时间太长快一小时了
0,不要辣，结果全是辣
0,较之前还是吃的时候腊肉量偏少，不知是不是商家减量还是偶然的情况
0,牛肉几片，很明显量超少啊，15大洋不值
0,卤蛋没有配送
0,不值。没有20元的感觉
0,送餐不守时，理由一大堆，太难吃。0分
0,十一点半下单，一点四十才到
0,配送太慢，等了近两小时，十一点半订餐，一点四十才到
0,"本单实际送达时长为39分钟,瞎扯我等了1小时30分钟呢"
0,酸菜太酸了，肉一半以上都是肥的，下次不会订这个了
0,送餐时间有点长，凉菜海带丝没洗干有沙子
0,送餐慢，送了70多分钟，而且包装简单，拿到之后，到处都是红油，餐巾纸都没有！最后吃完饭，办工桌子就跟一个废墟一样，身上到处都是红油，说了不吃辣椒，结果还是辣椒粉多的要死，我自己因为不够20元，多加了一个小果粒橙汁，然后送给我的盒装饮料取消不送了，简直悲剧。
0,送餐慢，送了70多分钟，而且包装简单，拿到之后，到处都是红油，多点了一个汤，居然汤勺都没给，餐巾纸都没有！最后吃完饭，办工桌子就跟一个废墟一样，身上到处都是红油，说了不吃辣椒，结果还是辣椒粉多的要死。
0,为什么烤肠付钱了，怎么没送啊
0,牛肉太硬了嚼不动啊
0,就是送餐有点慢
0,送的速度太慢等了一个半小时
0,不送饮料了。
0,时间太久，面条都软了，没有劲道，很难吃
0,实在慢得不行
0,超时不少，饿坏了
0,菜品一直不错，但及时的送餐速度，也是好外卖的必要条件！
0,这时间很长啊，快两个小时了，今天是例外。
0,订餐1个半小时不见餐，催了还挂电话！
0,蜗牛送餐速度，催了还挂电话！
0,服务态度极差！
0,真特么难吃
0,除了粉之外，其他的配菜有点老
0,送餐将近两个小时，太慢
0,菜品不错！送餐大叔好凶啊！
0,等了快2小时！饭盒还烂了！送餐服务还差！
0,"十一点下的单,一点送来,不想送早点说,电话打过去一次就再打不通"
0,送外卖的把饭放在门口的桌子上就走了，都没有告诉我一下，害得我像傻子似的等着，要不是同事告诉我门口有饭让我去看看，我现在还饿着呢！
0,忘送饮料了
0,突然发现自己定的是红烧牛肉，结果送的是梅菜扣肉，我还在想什么时候牛肉变这样了，自己太蠢Orz
0,没送饮料啊
0,我是11:36下单，13点才到，我打电话催了6次，我无话可说了，希望老板能改进！
0,适饭量小的
0,没送我饮料，妈蛋
0,面送来味道就一般了
0,外卖员很差外卖员很差外卖员很差
0,饼快坏了，这次特别不好吃
0,预计11点44送达，结果12点55才送到，中间催了3次单，打每次都说在路上，走着20分钟骑车30分钟送不到，打电话给小渝府，不说帮着催单，先嫌弃我们订餐晚，我12点半在所门口等着，发现31分有未接，打回去没人接，过会他打回来说“电话没打通，就走了，已经先去送别人了”，真真大瞎话，我12点半我一直门口等着，就没有送餐的过来，最后55分才拿到饭，客服态度差，送餐晚，饭味道一般，送餐人员还说谎，以后肯定是不会在你家买了
0,相当差劲，炒的鸡蛋炒饼感觉都坏啦，牛肉18元就几块太少。木耳的量还可以。
0,我备注了不要放肉沫，，那肉沫还是放了，放了那么多，
0,菜里吃出了不该有的东西！
0,肉有点少，送达时间慢，味道还可以
0,就是太慢了
0,分量很大，味道吃不习惯
0,太慢了，等了一个小时。味道还可以
0,蔬菜什么的都不新鲜了！
0,前俩天会很快。第三天么。。。。。。
0,折扣越来越多少啦
0,辣口，比较油腻，一共五六块鱼，其中两块是头骨。没吃饱。。。
0,老坛酸菜牛肉面不是特别好吃，面不筋道，比较油腻。
0,少给了一根烤肠要的两根只给了一根
0,太慢，我都放弃睡觉了，睡了一小觉才送来，面都泡囊了
0,太一般，跟图片差距太大了
0,青菜变豆丝了，跟图片不一样
0,米饭不好吃，牛肉太多水
0,土豆没做熟，里面都是硬的
0,可能是送来没处理好也可能是我点的不好，总之送来的米线一股呕吐物的味道。。。闻了一下就扔了，没法吃
0,过桥米线，订单搞错成番茄米线，黑暗料理!
0,不推荐的一家，点的牛肉面，超级难吃~~点面的慎重！
0,非常差。什么玩意啊。第一次送的是可乐。这回是啥呀。服务态度差劲急了
0,不好吃，还是他家米线地道
0,送歺太慢！
0,送餐的人什么态度，摆一副臭脸给她妈谁看啊
0,95分钟才送达，送达已不能吃，客服态度之差简直了
0,饿晕了，一小时四十分钟，这得屎嘛精神才能吃上这顿饭呀！！！！！
0,老板，没有烤肠。送了1个半小时是退款还是补送？
0,退单不退款？
0,一直挺喜欢他们家饭，但今天两个小时了还没有送来。不知道他们送错了还是怎么着，来了面都陀了，希望以后送餐速度能快点，因为面食很容易陀的。
0,东西倒是挺好吃，特别是这四喜丸子，但是这送餐也是无语了，一个半小时送到，打电话态度还那么差，就这样还做什么服务行业，赶紧回家带孩子去得了，一天美好心情全让你们影响了，就这样还怎么让我下次在你们家订
0,送餐时间太长，面都不能吃了，味道还可以。
0,等的时间太长，当然，今天下雨，不过您的电话也应该畅通呀，打了那么多遍都是语音。。。害得我又点了一份～
0,服务态度太差，客服不接电话竟然转到联通秘书台，搞笑了。把客户当啥了？外卖还经常洒了，送餐时间超长，整个差评！
0,为什么最近我总是下完单就退款，说我优惠金额已用，明明是今天第一次下单
0,一个多小时才送到，已经坨成一整块了你让人怎么吃，我就呵呵
0,鸡蛋太少都是酸豆角
0,汤咸的要命
0,又没有筷子
0,一点也不好，说了不要辣的还是给放辣椒了！
0,菜品质量先不说，还没吃。十一点零六下单，十二点四十收到，外卖师傅说，单太多，知道吧？真牛，我是不是还得给你磕个头说谢谢你排除万难送到啊，百度外卖投诉真心打不通，行，到这吧
0,"之前点的味道都很好,本来期望挺高，应为昨天点的原味米线很棒，今天尝试下番茄的米线，超级难吃，严重不推荐，而且还比原味的贵"
0,11点半订的餐两点钟到送餐速度太慢。
0,送餐太慢了，11点半订的餐，你下午1点半才送到
0,梅菜一般，肉还行。配菜凉拌黄瓜还行～
0,晚了一小时，面太辣，没纸巾和小咸菜
0,"送过来面都成一坨了,！！！！！"
0,2个小时能送到吗？？？？？？
0,榨菜太多了。红烧肉里有榨菜，还附赠塑料袋榨菜，太咸了。
0,等了2小时才到，史上最慢！米线到了都黏糊了，饭菜都凉了，服务态度极差，打了6次电话每次都说送出了。真的是无语。太差太差，没有之一。
0,实在是太慢了！
0,这次不太好，汤盒裂了，70分钟才送到。
0,为啥每次都不要辣的，每次都是辣的
0,以前吃这家挺好吃的，今天吃了下完全没有以前好吃了，这是为什么呢？你家厨师失恋了吗？
0,已支付订单，等待1小时打电话催单后，商家再（给“本机”）打电话询问，说是没订外卖，呵呵，还说没打错电话。好智能的机器。2小时的外卖，呵呵，外卖小哥还不耐烦催了。
0,"米线好多,没有店里好吃,但是还可以啦"
0,"太难吃了,跟屎一样,再也不定了"
0,馄饨没给勺，要的烤肠没烤不说还是酸的，唉
0,果真还是少了根肠，还我2.5元
0,送的真快，在快点都能当晚饭吃了！！！
0,就喜欢这个尖椒，猪脸变猪肉了
0,卤蛋点了没送！
0,"肉太少,全是土豆"
0,牛肉特别少，为什么啊
0,炒米线根本没熟，还是硬的，外卖人员态度特别差
0,"土豆好几块都没熟,一次性餐筷有异味,米饭我不行跟旺德福差远了"
0,牛肉太老了
0,非常遗憾，代金券和立减优惠不能同时使用了。真是痛心疾首啊！
0,送餐速度慢，经常少一根肠
0,汤汤水水的，里面啥乱七八糟的都有。还有一个烧烤的啥呢？！
0,骗人的，那么难吃，还卖那么贵，根本不值，米线就是方便面调料加菜，不信的话可以试试
0,"外卖不及进店吃呀,，不是新鲜的。"
0,送餐时间好长，用了一个多小时
0,口味不错，但尖椒太辣了，腊肉太少了！
0,送了两天了不知道你们把餐送到哪里了，我都没有收到就交易完成？你们还真是会意淫的，小伙子你很有前途吗
0,送餐难倒是黑社会老大？太牛逼了
0,先不说味道怎么样，我家离餐厅就隔了一条马路，外卖送到了还没开吃，菜汤透过袋子撒了一地，送餐的小哥我也不知道经历了什么，这服务也真是醉了
0,送餐的时间差了40多分钟，饭来了上面全是菜汤，差评！！！
0,米线汤都洒外面了
0,米饭有点馊了，红烧肉也不好吃，差评
0,味道不错，但是为啥那么多沙子！貌似是蘑菇里的……
0,每次送餐都要等一个小时…而且感觉店商根本不看备注
0,点了招牌的酸菜红烧肉，菜没的说。就是送来的时间略长，一个多小时吧，而且菜汤洒的到处都是。
0,卤蛋竟然是乡巴佬。。
0,一个小时才送到，面坨成个疙瘩，没法吃，扔了
0,为什么没有辣椒
0,实惠快捷，只是有一位收银员服务态度极差
0,实惠，但是厨师技术有待提高
0,接电话的小妹态度很不好。
0,送的太慢，送餐员态度不好。
0,送餐时间太慢
0,我的卤鸡蛋呢
0,我还以为是小块排骨，没想到都是肉末，看着就没胃口了。这是我对小渝府唯一一道不满意的菜！
0,还有比这更难吃的米线吗？
0,快送成晚饭了。。。。
0,少送个蛋，送货员这态度，2分钟就开始催，到了楼下还使脸色
0,"原来有牛肉-,-就是混土豆里太少了没看见。。"
0,129分钟送达！
0,点了西红柿鸡蛋加卤蛋香肠，结果只送来了西红柿鸡蛋饭
0,"11点定的餐，13点送到，你们还能再慢吗？？！,送餐人员态度差"
0,"猪蹄每次大小不一致而且太肥过于油腻,配菜应该是海带丝,所以整体一般希望改进"
0,不知道为啥今天送餐速度奇慢无比……
0,蛋花汤都馊了很恶心，土豆丝少的可怜
0,点点凉拌金针菇，拿进屋里打开一看是土豆丝，我们娘俩都不吃土豆
0,麻婆豆腐口感一般，不太好吃，烤肠就是很普通的那种街边烤肠。卤蛋是超市里卖的乡巴佬。这次送餐时间太长了
0,第一次点怎么这么与图片不符合呢，鸡蛋没有，饮料没有，赠饮是整个外卖的活动吧，套餐本来的饮料呢
0,凉拌米线能吃吗？餐馆出新品种不试吃吗？无语！
0,配菜的酸菜很难吃。建议换成茄子，这个味道不错，能吸引不少人。
0,这时间我就懒得吐槽了，各种服务态度差成狗
0,送饭晚了20分钟。菜的质量很差
0,餐送晚了，打电话咨询态度很不耐烦说等着吧。味道没有以前好了，太多也越来越差了
0,送餐慢点要死，十一点十七定的，一会说开始送餐了，结果等到快一点还没来，马上都上班了，打电话问，刚送来，没送干嘛以前很早就写派送，等了将近120分钟，吃的午饭一点不爽！
0,猪蹄太大了，切小点才好，而且有点肥腻，到时配的海带丝挺好吃的
0,经过同意换成蒜苗炒肉了，但是蒜苗炒肉的肉有股馊味。。
0,饭很多，菜不好吃
0,一个半小时才到。订外卖是为了节省时间。不过为了等外卖吃饭把时间安排完全打乱了，饭菜量远比去店里面吃少，
0,突然想起来，没给我配烤肠！！都过去几天了，评价的时候才想起来，晕
0,下单后等了一个半小时，要是平时上班这个送餐速度估计我连饭都吃不上了！
0,下单2个小时才送到。无语了。
0,每次都送得特别慢，时间在60分钟到90分钟之间
0,量多，但就是难吃
0,米线里没有放牛肉
0,路程就30米，要的是立刻送。却让我等了60分钟，你蜗牛呀！
0,再也不点了～
0,在店里用百度外卖下的单，收了配送费，但是不送饮料～我和我的同学，我们班的同学，都不会再来了～
0,都是大块肉。看见就没有食欲了。虽然是很便宜。但是也不至于这样糊弄人吧
0,每次送来的筷子都有问题……不是发霉就是有味……
0,烤肠没给我送！
0,好慢好慢好慢
0,饭盒压坏了。
0,我点的是酱香排骨面，竟然给我送的是香辣排骨面！把我辣的不行！很失败的一次服务，送餐！
0,这次很差了，菜里面有一整颗鹌鹑蛋的蛋壳…惊呆了…
0,一直都很好，这次却太差，蘑菇里全是沙子，明显没洗干净，希望给个解释！
0,要的番茄味送的其他口味，真是吃的不开心！
0,送餐太慢，面泡的都没味道了
0,差评！饭难吃，送餐慢！
0,萝卜里面竟然有毛发
0,鸭子实在太肥
0,蕨根粉太硬太难吃
0,我点的卤蛋没给我
0,菜里吃到了清洁球！！！！！！！！
0,今天下雨，送餐人员可以体谅，可是这店里安排的人是二逼吗？11点要送达，结果一点才送达，早上九点多订的餐，尼玛你安排成这样，真尼玛人才。真尼玛坑爹。
0,这个米饭是怎么做的，好像送来的是一块砖头！太失望了！
0,预计11点24送，现在12点了
0,还不错哦，比较喜欢小渝府的菜，真心不错。。
0,很不好吃，不知道为什么
0,烤肠都没送！
0,烤肠太硬，感觉都放了好几天的
0,现场吃的时候凉菜不写收费，等你拿了，告诉你收费！为什么不明码标价！
0,搞不懂送的是米饭还是稀饭
0,干干的，还不如炒米线呢。。。而且没送饮料！！
0,实际里边没有订单里边的广味烤肠，请问把我的肠呢？
0,送外卖的啥态度？打电话五分钟下楼拿他就走了，然后再打说让我再等十分钟
0,太难吃了，跟以前吃的明显两个样，送餐也很慢
0,忘了配送卤蛋！
0,饭居然是夹生的！！！
0,定的卤蛋都没送，然后土豆豆角里都生着的！送餐速度特别慢，送餐的还和我吵了半天非说给我打了半个小时电话，可是我刚刚接到电话！
0,烦躁，有根烤肠没有送到，饭倒是不错，不过这小问题让人恼火
0,都说了不要辣，为什么还有辣？！
0,我的电话打不通，不知道为什么
0,一般，很一般
0,卤鸡蛋怎么没有，是忘了吗？
0,今天的饭真的是太令我失望了，从来没见过这么烂的外卖，菜花都是至少三天前做好的，根本没法吃，看看就恶心！！！！！！！！！！！！！！！！！！！！！
0,说12点06送达，结果13点20才送到，送餐速度太慢了，不过价位便宜，还是挺值的，以后还会继续订餐的
0,时间太长，等了一个半小时，外卖都漏了，全是油
0,这个牛肉也太少了吧！
0,菜不仅难吃送的时间还超长
0,速度不是一般的慢
0,糟糕，送餐速度慢不说，饮料也没有
0,面整个是一坨，没法吃，差不多一个半小时送到
0,送餐速度特别慢，其他的都还不错
0,送了2个小时才送到，确实有些慢了
0,"送餐时间太慢，完了近一个小时!,以后不订了！"
0,11:01订单成功，商家11:04确认，预计11:41到达，快递12:27才给我打的电话，那这样预计有什么用呀。多耽误事情，大热天的送来饭都凉了。差评
0,"口味很不错,但是卤蛋真的很坑,建议别点"
0,"足足完了一个小时,手机一直开机,保持通畅,但回复说因为打不通电话才走的,我已经在网上交过钱了,让我晚了一个小时吃饭,态度还很差,可以放在前台的,为什么要再拿走"
0,"非常慢非常慢,打电话,还是不耐烦的口气,很无语"
0,送餐速度真是醉了
0,送错了，丸子变成了米饭
0,味道不错，就是送餐速度慢到了无法接受的地步
0,群殴第一次买觉得还不错，第二次就又买了，我不过是催单打电话，服务员态度恶略，老子不欠你钱，我是顾客，就这样对我？什么狗屁态度！！！！
0,酸辣粉还好！凉皮一股发霉的味道，没吃，再也不买他家的了！
0,送的看起来是蒜苗炒肉
0,"别的先不说了，我餐给我送丢了。。丢了你敢信？我在下面等了10多分钟，跟煞笔似的，送餐小哥让我联系前台，前台让我问小哥。。等我上楼，屁股还没挨着椅子，又打电话告诉我撕错单子了。。用一句文明用语，i,really,ri,le,uzi。。"
0,红烧牛肉套餐基本上都是土豆，一般，送餐时间那是个超慢啊
0,送餐很慢啊
0,等了90分钟，也是醉了，这个速度无语啊。
0,2小时到的，不过快递小哥挺辛苦的
0,我没有收到外卖，但是也不退我钱
0,写的下单满赠送饮料的，可是没有送，跟配送员说明了情况，他说下次订饭时写上欠饮料一瓶！
0,速度有点慢
0,我等了一个半小时才送到，都快上课了根本没机会吃了，打电话想取消订单打了无数次都打不通！！！！
0,速度太慢，一个半小时才送到
0,饭盒里的汤汁都洒出来了，整个袋子都油的，下次能注意点吗！？
0,"四喜丸子一点也不好吃,鸡蛋西红柿太咸"
0,不错，就是送的太慢了
0,送的太晚了！
0,"商家电话打不通，拿到餐后，菜汁洒了一袋子，您告诉我这还怎么吃呀呀呀呀呀呀呀呀呀呀！我十点下的单，要求十一点配送到,你这晚了多久。"
0,骨头太大啊
0,永远都差在效率上，11点订餐，要求12:15送到，结果13:00才到！
0,油撒了很多，袋子里全是油。味道还行。送餐迟了30分钟。
0,这顿饭吃的很纠结，浪费了我的5元优惠卷！
0,等了一个半小时，16：47下单，等到七点多，到了牛肉太少，土豆块里面没熟，不知是不是把我落下了，后来仓促做出来的
0,"不会再定了,简直搞笑，两小小小片肉渣渣和一坨没切的菜花"
0,能不能0分，定了三样少一样，也没法找回，真垃圾
0,今天的菜品不太好，像是中午剩的，量也没平时足！
0,真心的慢啊，彻底无语，彻底失望了
0,我4点50订的和别人5点半订的一起在6点半过来
0,"饭还是不错的，就是今天的送餐员都不给送到办公室！,以前的都送过来了！"
0,已经三次了，送到我这就全撒了，光收拾就得10分钟，你们的外卖员能负责点么！！！
0,上门取餐的，为啥还收1元？而且还不配给【盒装饮料】。。
0,难吃的要死。请问是泡椒牛肉面吗？？？打开饭盒，一股姜的味道。随意一挑，有那么一大坨姜丝。是让我吃姜吗？还一直少送我的烤肠。
0,郁闷死我了
0,"今天的实在不够恭维，盒子都烂了到处都是，你说还能吃吗？,送餐时间更是离谱过了送餐时间一小时.,等了快两个小时"
0,SB，告诉你不要辣椒还放，艹，爷感冒了，泥马的
0,"两个小时送到,送到菜都凉了"
0,第一次的配送员打翻了我的面；第二次的配送员态度很差，手机号码是：13051325039.
0,刚吃上没多久就拉肚子了。肉肉明显不是正常的红烧肉颜色。
0,差评，送货速度不是一般的满，竟然两个多小时才送到。打客服电话竟然是空号，简直无语。梅菜扣肉不好吃，米饭却是挺不错。
0,鸡蛋挺多，海带丝好吃，米饭不错。但是，送货时间太长了，两个小时才送到，打客服电话竟然是空号，简直无语。
0,等待了105分钟，还是在投诉的情况下才送餐
0,牛肉的筋太多，味道还行，不过价格摆在这里，挺公道的了
0,真的就是两个小时，足足两个小时，催单三次，不过分量太大了，一个人没法吃～
0,面都成一坨了，完全是一坨好吗
0,真是让我等上火了，继续差评！！！气死人！！！
0,送餐速度能再慢一点吗？让我们等三个小时吧
0,送餐速度太慢了，真是不能忍了，好脾气全被磨没了。
0,哪儿有让人等餐等两个小时的啊，脾气真是不能控制了，送餐速度超级差，真是超级差，气死人。
0,真是气死人，速度太慢了，一个半小时都送不到，老这样
0,突然收配送费了，不习惯
0,金针菇咸的发苦
0,几乎没有肉
0,"本来不错，汤里有只腻虫,伤得不行..."
0,绝对超过一小时，送餐垃圾，再好吃也白搭。
0,送的河粉不是肉丝炒河粉加卤蛋，给我改成排骨河粉，有点无语
0,"汤的味道还行,就是送餐小哥第一次来这边,用了很长时间"
0,不错，够辣
0,点的至尊肥牛，结果店家打电话来说至尊肥牛没了，换了个红烧牛肉。但是同宿舍的人同一时间定的至尊肥牛就有。不知道店家是什么意思。之前好几次都打电话让换，但是实际上有。
0,从来没有订过这么慢的的餐，直线距离不到800米，非下雨天，能给我送近2个小时
0,我的卤蛋去哪了？少了
0,特别慢，等了一个多小时。个人感觉不好吃
0,"一起订的两个,分两次送,行不行啊你们这餐馆"
0,送错而且花了1个半小时
0,以前定过好几次都挺好，今天巨慢不说，菜汤洒的哪里都是，恶心死了
0,服务态度很差，让人等将近两小时也就算了，还少送一样，给打电话送少送了，还说让等下次点时一起送，这么差的态度谁还点下次啊。凉拌米线也很难吃，感觉糊弄的态度，简直一个差字都不足以评价了
0,送了两个小时都打电话说取消了，还送来了，我狂晕
0,饭菜都凉的，一个多小时才送来
0,送餐少送一根烤肠
0,员工素质差，不虚心接受评价，认真改正，还给客户半夜三更打电话骚扰，还记录了认真给他们做出评价的客户，还打电话说一些不侮辱性的语言，还给客户发送黄色图片侮辱客户，太差了。没见过比这个餐厅素质更差的餐厅。有这样的员工迟早会关门大吉。
0,不到一公里路，10点58分下单，1点20到，下午上班了，才到，我无语
0,送餐太慢太慢
0,整整100分钟才送到。。。
0,有史以来最糟糕的一次外卖，下午5点下单，晚上8点才送到！期间我还打了10多个电话！只接了3个，全部都是敷衍搪塞的说辞！好不容易餐到了还要我自己冒雨走一大段路去取！希望百度不要再和这样的无良商家合作！
0,差点饿死我了
0,"基本都是肥肉，大概5~6片。有点咸，卤蛋就是乡巴佬袋装的，开始还以为是他们自己做的。,总体来说,很一般"
0,无语，再也不想买了，这速度。
0,饭很好，速度太慢慢慢!
0,1.我付完款，你们是4:50确认的订单，中间催单三次，7:10你们才送到，等了两个多小时啊，这也就算了，饭菜还全是凉的！！
0,送餐太慢，红烧牛肉面送成了凉拌面！
0,下雨天等了两个小时我还算可以理解，但是没有给我筷子，还有就是凉皮不知道是不是忘了放盐了，我不是重口味的人，但是凉皮一点咸味没有，吃着辣条把凉皮吃了一半，剩下的就扔掉了，下次不会再来了。
0,"菜的味道很不好,餐具太简陋,导致溢出全是油,而且送餐时间一个半小时也有点太长了"
0,下雨，面条送过来陀了。。。
0,大哥我的卤鸡蛋没送好不
0,饭菜挺好吃，送餐时侯慢点都把菜洒了，
0,太慢。。。1个半小时才送到。
0,等了两个多小时，虽然下雨，平时走路十分钟就到的距离。催了两次，根本就没给查，送来都是凉的。
0,从下单到送到整整一个半小时。菜都凉了，味道也很一般。
0,"只想说一句，做不起外卖就不要做外卖。我北科的，就问离这么近.你哪次1个小时之内送到过？打电话催单故意把电话不放好打不通电话一直转什么破小秘书，取消订单更是别谈.等尼玛送来都不饿了。干不起就不要来坑学生好吗？,配送时间超慢超慢，千万不要来这家"
0,只能说是被气饱的吧，昨天说会尽快，今天给送了2个多小时，呵
0,"外卖就是送到家啊,有一个小点的男生每次他送就喊到楼下拿。本来五分钟走着都到了今天竟然送了两个小时。"
0,饭还可以，但是足足等了两个小时。送餐员让路口取餐，结果我冒着雨在外面等了五分钟才过来。有史以来最差的一次送餐服务，非常无语
0,不错，希望品质如初！
0,希望品质如一!
0,不错，希望下次能快一点
0,烤肠忘给了
0,太慢，点两次都是一个小时后送到的，催单崔到手抽筋
0,态度太差！
0,送餐速度我真是服了，几分钟的路程，给我送了一个半小时
0,"速度太慢,等了两个小时,但是挺好吃的....."
0,两个半小时才送来，非常不满意！说什么停电两个小时，那停电你就别接单啊，我叫别家外卖也行啊，或者提前打电话解释一下也可以啊！
0,口味一般，送的太慢了，将近三个小时，午饭定了当晚饭刚好，，，
0,第一次遇到送餐能送这么久的。
0,怎么送的，菜都被压出来了
0,垃圾，等了两个小时才送到，都饿死了。再也不买了，垃圾
0,没有赠送，250ml统一多彩饮料（软装）1份
0,这家的送餐超慢，没有很好的耐性就不要定他家了
0,太难吃了，没味道，肉都没熟，速度还慢的要死。
0,"等吃的时候,已经没汤了,都干了"
0,咸死了，我真是怀疑厨师的水平！一个多小时才送来，米饭都是冷的！
0,好慢，感觉不咋干净，好多毛
0,味道不错，但送餐时间也太长了吧！！等了一个多小时
0,订的12：00送餐，12：50才送到，上班族中午时间有限，请商家以后工作再细心一点。红烧牛肉套餐土豆多可以理解，但牛肉太老了嚼不动，请改进。米饭量挺多的值得表扬。
0,太慢了！差评！
0,速度啊，要快点，都快被你们饿死了
0,送餐特别慢。等了快一个半小时。说好了有事有急事。还是等了好长时间
0,"味道一般般,不过送餐速度很快"
0,太慢了……等了127分钟
0,如果你说40分钟到，那就不要一个半小时，饭还是温的…成功易，守功难
0,绝对不会来你家了，一个面条送了俩小时。送来全部融了，这怎么吃。以前还经常叫，这是最后一次。
0,外卖小哥不送到指定地点，差评~
0,非常非常慢
0,送的软包饮料并没有送来，外卖小哥说一会儿给送也没有，希望可以补送
0,送餐速度不敢恭维
0,"不到200米的距离，等了半小时，是商家自认为自己已经很厉害到不会轻易满足顾客的需求了，好牛逼的商家，,我想说我只是个顾客，商家的态度我只能承受了，默默地评价一下了。祝商家不考虑顾客需求的时候，“生意越来越红火”"
0,太差了这么难吃为什么还要坑别人
0,"中午点的少给我饮料,下午点的少给我广味烤肠,备注补给中午的饮料也没给,我真是无语了，估计投诉百度外卖也不会理我吧"
0,送了2个小时，不给饮料。
0,菜很好吃，就是真的送了2个小时，还想着错过高峰期10点多一点就点了餐，结果……
0,"还行，小炒肉,就是不辣"
0,此次肉相对以前很少
0,送餐服务有待提高！！！味道不用说！晚了半小时！
0,"味道还可以,送餐速度超级快"
0,太差了，送来的饭菜汤都漏出来了，还不承认，太差劲了，饭放这就走了，太垃圾了
0,太次了，一个半小时了才送到，面都驼一起了，没法吃扔了，以后再也不定了
0,怎么个意思，送外卖的还管我几点订餐么，你可以不接单，还管到我了，什么态度
0,"分开了好难搞，本来就图个方便,搞这么麻烦"
0,新品，还贵，不是一般的难吃，全部扔掉。
0,等了好久好久。。。。
0,西红柿汤还行，就是感觉米线不是太精到！米线有待提升.
0,宫保鸡丁吃着一般，不太好吃，下次换别的口味！
0,送餐太慢，打电话摧态度比我硬
0,接电话那女的态度差的像借她家米还她家糠似的，女鬼似的凄厉，打两次电话两次如此，一直去他家吃饭，订餐，发誓没有第二次
0,"我真的是特么的服了这个送餐速度了,2个小时,我特么,催了1个多小时,东西还真挺特么好吃的,就是太特么慢了,以后大伙们想吃就去店里吧,定了肯定耽误事儿,今天我特么就认了"
0,"送餐速度一般一小时左右,等待太漫长啊,味道还不错"
0,送了快两小时才到！！
0,1、太辣。2、有花椒，不喜欢吃。3、粉条用筷子夹容易碎，用勺子又太长了。4、如果送一包醋，味道会好一些。
0,"21的至尊肥牛套餐,居然连饮料都没有,着实被图片坑伤"
0,"11:30,的餐，下午三点才送到.,还是打百度投诉的结婚！"
0,"我真服了,呵"
0,送的太慢了，送餐员连路都不认识。
0,"漏给了,2个半小时之后才拿到外卖,百度外卖真心渣"
0,汤汁全洒了
0,等了快两个小时，电话打不通，催单不管用，米线没豆花没配菜
0,番茄贡丸豆花米线以后请叫番茄贡丸米线，好吧？！想给零分差评！！！
0,番茄贡丸豆花米线以后请叫豆花米线，好吧？！想给零分差评！！！
0,豆花米线不给豆花！！！！！
0,饭菜不错，量足，但手机没信号就没接到电话，打电话过去服务员态度特别不好
0,神速啊。特么完了快一个小时，真牛逼
0,比预定时间晚到了一小时又15分钟，送餐员说找不到地方，拿回去换人再送，不会打电话问吗？？？？？我们这里每天送很多餐，就你找不到，猪脑袋！以后再也不定了
0,没什么味道！
0,"换过两次套餐,都是17换16,前后2次,2块钱,都没退"
0,说了要醋要蒜一样没给送，要两个卤蛋给了两根肠，也不打电话说一声，太不上心了吧？！
0,太慢了快要饿傻了。。
0,"整体还不错,就是太肥了,而且都凉了,送餐态度不好"
0,"面成了面疙瘩,全倒了"
0,味道也就那么回事吧，米线给的量好大，一半都没吃完
0,差差差，不到十一点定的，十二点半才到，整整脱了一个多小时。打电话说到楼下了，三十分钟也没上来，爬楼梯也十几分钟到了吧，
0,就那么几步路远等了一个小时！！菜还咸的要命真是醉了，再也不想来了
0,太慢了啊、
0,"送个北科大，500米,送了半年,够牛逼的"
0,我点的渝川番茄米线，口味一般，没有期望那么好。为了错开用餐高峰期，11点01分下的单，结果一个小时后没有到。一直催了N次单，店员总说送出来了。从小渝府到北科一共5分的路程，加上做的时间，送其他人餐的时间，怎么算也用不了三个半小时。不得不想点了餐，是不是去种菜种大米了！好好的生意也是会做黄的！经过几次交涉，餐送到。口味还一般，真不知道为什么小渝府有名的米线是怎么来的？刷的吗？这个样子，也就吃这一次了。
0,"11:46下的单，首次送达就是13:34，而且酱香排骨豆花米线仅有菜没有米线。,再次送达米线时已经14:10。,等个饭等了2个多小时。"
0,太慢，等了一个小时
0,"速度达不到40分钟,希望如实描述,。米线油多,倒进全部米线后会溢出饭盒,很不方便,希望换更大更高的饭盒"
0,面油有点大，汤洒了，送餐态度不咋滴
0,服务态度实在是受不起，十点二十点的餐，一点整送到，点的河粉都成一坨了！而且第一次打电话给商家，世纪就隔了一条马路的距离，店家居然告诉说你们那么远？！然后名正言顺的在点完餐2个半小时才到。更搞笑的是后来多次打电话居然根本全部打不通，你tn是屏蔽我了是吗！由于送餐的绝对及时，是在临上课前两分钟到的，于是，我们很愉快的中午定了份晚上的外卖！！要不是评等级最低给一星，我真是一个星都不想给！中午简直是气饱的。
0,速度很慢，我今天打电话催的时候，那边态度很差，我说那明天不点了。她说“可以”，电话撂了。
0,我点了一个蛋一根肠一份套餐！给我送来两份腌菜没有蛋！！
0,"送来时都坨了,没一点汤了"
0,"送饭的人都是脑残吗,能不能找个智商高点的来"
0,等了98分钟，面陀了。
0,没有也不告诉一声
0,垃圾，慢死了
0,送餐及时，菜量不小，足够饱。
0,菜都撒了，米都让菜汤泡了，比预计晚了20分钟，这次特别不满意
0,蒸蛋分量大
0,梅菜好多，海带味道怪怪的
0,"我订了广味烤肠,但没有给我送"
0,味道跟店里吃的完全不是一个样啊，送餐太慢，汤也凉了
0,我这是第一次订餐，也是最后一次了，送餐用了一个半小时
0,味道还好，送餐速度满了点，应该增加配送人员
0,"接电话服务员态度很恶劣,语气很差,说我们太远,下次不要在订餐时间叫餐,都在别人不吃饭的时候点餐,在她家点餐的朋友慎重,一般两个半小时送达"
0,史上最慢最差的外卖。等了两个小时，不能再差
0,科大这两步路送了一个多小时，啥也不说了，再也不见
0,实在太慢，送到的时候凉了，汤还洒出来了，说是量太多。。。。太多。。。。
0,"太慢了,十一点定的"
0,咸菜炒肉，很一般
0,订了两单，还分别送到了两个地方
0,"商家态度差,，送来的餐品全洒了"
0,商家态度差！说了备注忌口，也没按要求。
0,比约定时间晚了整整40分钟！问送餐员怎么晚那么久，居然说饭你要不要吧？！真么见过这样的，还没一点歉意。百度客服也就那么回事，形同虚设！
0,送来的太早，都不知道备注送达时间有什么意义！
0,店家真是操蛋，竟然给少送了一份，另一份12：20送到。
0,鸡块里一半是鸡脖子……
0,"送餐员,态度较差"
0,昨天忘了送鸡蛋，今天提醒了还是忘了
0,土豆有些硬，或许土豆比较陈
0,我的两颗卤蛋呢！！
0,少给了我一盒米饭
0,"菜里有花椒,，而且又吃到,塑料线了。。。。。。。。"
0,和在店里吃差距好多，米线都是碎的一段一段。还少，感觉是把剩下的碎料给我了，酸菜肉丝配菜更是没有看到，还得拎着饭盒去店里要
0,送餐速度真慢，送来的都是凉的，让人怎么吃
0,希望可以增加分量，明显分量少了许多，不要走下坡路，我是小俞府的忠实粉丝
0,没有年前分量多，在走下坡路
0,没有年前分量多了
0,可惜不能发照片，不然我一定会让别人看看筷子和纸在菜里的照片
0,店家根本不看备注内容，让给开发票也没给开！！！！
0,肥牛有点硬
0,我一度怀疑自己订的是拌面
0,送来的太晚，而且备注了不要辣，结果超辣
0,送来的太晚
0,要么就别搞减价，减价就给我减东西，汤都喝完了都没有看见一块肉，也是醉了
0,"说实话,不太喜欢口味,米线太多,汤料有点酸菜桶面的味道,反正不太喜欢"
0,少了两个蛋
0,以前的优惠已不再
0,少送了一瓶加多宝
0,"店里马上放假人手不足，等了一个半小时，终于送来了。,不过菜做的都比较咸，原来配的圆白菜没有了……换成了类似腐竹细丝但不能确定是什么的东西……还不如圆白菜爽口,红烧鱼块淀粉较多"
0,迟到了半小时
0,你们就是这样的吗。鸡汤是酸的，放了几天才给我们喝呀。妄我这么支持你家
0,订歺后2小时才到
0,鸡汤很是失望掺了一半的水。订歺后2个小时以后才到，让我的面泡糊了，吃了想吐。
0,第一次吃到这么多姜的鱼香肉丝，不好吃，另外送达延时
0,提前2小时定，迟了一个小时才送来
0,服务员态度死差，建议改革
0,饭还凑合，一直都订你家的，今天居然晚了1小时，打电话询问服务员还一副我欠她钱的样子，真是够了，哦，呵呵。地址离店走路也就20分钟，现在居然完1小时
0,晚到一小时
0,一个半小时才送到，催单态度还不好！
0,过节送餐人手紧，可以理解
0,"凉菜的盒子竖着放,凉菜都洒到包装袋里面了"
0,菜超级少！！
0,菜里全是汤洒了一袋子。。
0,饭不错，速度慢。
0,饭菜做的不错，送餐速度有些慢，要是能快些就好了
0,从下单，到配送，前后两个小时，多次打电话催，等了一个小时先是说送餐的人车坏了，回去换车，过了半个小时再催，又说换了个人送餐。又等半个小时，还没有送到，饿得不行了，就自己出去吃饭。两个小时才收到送餐员电话，结果告诉我他的地方还没对。本来是加班，想说订餐可以节约时间，结果可好，气死了，再说，饭菜做好了，即使两个小时送到了，还能吃吗？
0,时间太久，等了2小时了
0,鱼块味道一般，小咸菜味道不错，米饭有点多
0,河粉量很大，配汤略咸
0,"汤倒了,味道不错"
0,10:23下的单，提示卖家已经在准备了，11点左右打电话过去问，店家说正在准备打包，11点才送外卖，我说好吧，快点。11:26我取消订单。（我已经等了一个多小时了）11.34接到电话说，餐到了，我说都一个多小时了，我不要了，店家态度非常恶略，说胡说八道，哪有一小时！我说你回去看我的下单时间。对方就直接挂电话了。
0,口味还行，油较大
0,"特别慢,建议大家早上订晚上的饭,这样大概能准时送达,服务态度极差"
0,"慢的可以,服务态度极差"
0,"10点订的外卖,12点40送到,呵呵呵,这种外卖店还好意思送外卖我也是笑了,11点40打电话告诉我早出发了,12点10分打电话告诉我等等,12点45送到了你觉得我还要么？,电话服务是这样的,她说“你还要外卖么？不要我就挂电话了”,就这种服务态度,真不知道是怎么好意思做服务业的"
0,"不到500米距离,不算预定,送了两个多小时"
0,速度太慢，超出预定时间2小时才送到
0,今天这顿午餐吃得着实不爽，10点多订餐，要求12点到，结果迟到了40多分钟，1点就上班，还有时间吃饭吗？配送员竟然和我抱怨说这边太远了，这个理由太扯了吧。好吧，就不说菜汤都流的到处都是了，着急赶快吃完上班，一口菜进嘴里，一个比鱼刺还大还坚硬的塑料碎片卡在嗓子眼，估计是你们塑料勺碎了吧？怎么还掺在菜里面？幸好我及时取出，现在嗓子眼还疼着，物证还保留着。这种卫生，着实醉了。
0,压根儿没送到！！！
0,味道还可以，就是饭菜全凉了。。。本来11点前点的餐，硬是快到1点钟才送过来，我真是服了这送餐速度了。。简直刷新了我对于外卖服务印象的下限。
0,太慢了，以后不点这家了！都凉了
0,实惠、好吃！好慢啊……
0,东西差难吃，吃一半就给扔了，另送餐人员素质也不高，
0,没以前好吃了，还跟乌龟一样慢死了
0,少给我个爽口菜。打电话一直占线。今天给你扣5元，爽口菜钱
0,真垃圾，如果有负数就好了
0,米线都碎了！一股搜了的味道！！！怎么吃？
0,打电话给商家2次，太慢了。河粉夹不起来了，坨了，一碰就碎。味道也不好。再也不会订了
0,爽口菜吃出了烟头
0,量挺多的，味道很不怎么样！
0,"早送了半个小时，吃的时候都凉了,还少一根烤肠，强烈要求退款"
0,最难吃的一次，菜明显是剩下重做的，吃两口就扔了
0,点了两瓶啤酒就送了一瓶
0,饭还行，就是送的太慢
0,牛肉嚼不烂，肉比较死，豆芽水煮一样，说实话真的很一般！说的事实！
0,不会再点第三次了！！！
0,"晚了45分钟，套餐有半个卤蛋，但是没有饮料；,肥牛饭味道比较一般，但量很足（ps,配菜是豆芽菜，个人最不喜欢豆芽菜,赶上了……）"
0,吃不饱，量太少
0,1送餐时间非常不准，不管是提前送还是迟送，2西红柿鸡蛋太咸，打死卖盐的了，3买炸酱面也不送汤了
0,慢死了，气死了
0,等了五十分钟，受不了的龟速
0,送餐太慢太慢了，送来粉都坨了，备注写了不放葱，最后还是放了！
0,我的烤肠怎么没了！！！！！
0,不能更慢了
0,送的很慢，但是味道不错，可以再继续尝试，只是希望提高送餐速度
0,点这家三次了，每次都把东西洒出来，让人怎么吃呢！
0,都没送怎么就叫订单完成了？
0,送的好慢两点多给送到的，，什么事啊
0,等了几乎两个小时，和预估40分钟未免相差甚远？
0,"你确定11点10分是你送达,的时间？到12点半才来，菜还撒了，很无语。。。。"
0,除了米饭不好吃其他都还行
0,不好以后不回来了
0,热菜太少，这是冬天季节
0,菜不错，只是送餐服务不好，时间总是不准，公司离订餐的地方300米，送餐时间误差45分钟左右，我订12点送，有时11点10送来，有时12点45送过来，你提前送来面都坨了，怎么吃，什么玩意。
0,过了一个钟头，还是没送到
0,能不能到了再打电话，害的我非得在楼下等半天
0,宫保鸡丁只剩黄瓜了，比以前垃圾多了，不再爱了
0,"不错,量多。能吃饱"
0,平时每天迟到30分钟送达，今天选择11.:45，11点就送过来，是不是故意的。
0,这个时候我等得睡着了，做了个梦：餐到了
0,口味还行吧。。。就是送餐太慢太慢太慢了。。2个小时啊。。
0,"淡,只有咸味,前后差一两分钟定餐缺隔了半小时送了两次,还少带过来两根火腿,不过又给顺路退了一次钱还好"
0,经常吃，味觉无法识别了！
0,小渝府，不再爱了！
0,10点20下单，1点半还没有送到，只能取消订单。
0,实在是一般啦
0,送的太慢了，菜都凉了。
0,真心垃圾，今天中午又在这叫个外卖，等了一个多小时也没来，打电话想取消还不接，催单都催好几遍，一个多小时了你们是去种菜了吗？
0,太慢了，路程距离应该只需要5分钟就能到，但是用了这么久，饭菜都凉了
0,坦白说，饭菜挺好吃的。但是送餐太慢了，快2个小时才送到，送餐员也不容易。希望能多些送餐员配送。因为送餐时间太长非常影响用户体验！
0,乌鸡汤一块鸡肉都木有！！！！！
0,第一次见服务态度这么差的，点了一份套餐和一根烤肠，烤肠居然直接就没有送过来，送到的时候饭菜都凉了，也是我吃过的最难吃的梅菜扣肉，再也不订他家的了！！！
0,我点的是套餐，是不是应该有饮料？反正我没有。送餐时间太长了，差不多了要40多分钟
0,"我马上就要饿死了,跟我说马上就到,马上就到,这马是没吃草吗,下次别放那咸菜了,味道难闻的要死"
0,3份饭，一双筷子都没有。
0,太慢了、恶死了
0,慢慢慢慢慢，岂是一个慢能够形容的
0,别的暂不说，打了四五个电话，9点多定的餐2点了早已经上班了才到手里，你可以早点说送不到啊，送到当时真想不要这份饭，都不容易，想想没必要而已，欠一个解释，我想这也是最后一次订了。希望你们也要注意，类似的错误不容发生。
0,明明走路十分钟就可以到的地方，可是十点半之前订的餐，十二点半才送到，米线全都烂了，真是没法吃
0,"灌汤酥肉套餐,也许是我的味蕾坏了"
0,太差劲了，13:30才送到，晚了2个小时。谁这个点吃午饭啊？直接让他走人，以后再也不定这家了。
0,10点半下的11点半的单子，13点05才送到。。。
0,太慢了，等了两个多小时
0,辣死了，吃完整个人都不好了。。。
0,饭价随百度减免搜搜的涨………………
0,一个半小时才送到，图片上的饮料也没有，一点也不值21元。以后没有优惠卷活动了肯定不吃了。
0,送餐不带零钱还要自己出去换也是醉了
0,为什么没有饮料！！！！打电话说外卖就没有饮料，那你图片是干嘛用的呢。怎么不写里边说没有，这算欺骗吗?
0,外卖态度比较差。
0,叫了好多次你家的，这次送餐的态度特别差
0,比预期送餐时间晚一个多小时
0,不要了还显示送达？
0,"什么破东西啊，10点半定的,1点送到的"
0,菜品偏咸，味道也一般。打开包装里面菜汤全洒了。
0,"换成了酥肉套餐,不好吃。。都是肥肉"
0,广味烤肠漏送了！
0,菜里吃到塑料。。。。。。。这是什么情况！！！！
0,口味一般，送的太慢
0,送餐速度还行。味道惨不忍睹，就怕菜的味道太淡，特意点了宫保鸡丁，这居然都能做的那么淡，不咸不辣有点腥。以后估计不会点小渝府的外卖了。
0,此次送餐时间还算迅捷，可惜原来的20-13活动咋不继续了呢？
0,根本没有送
0,配菜变成包菜，差评！！
0,还行，配菜改成包菜了，差评！！！
0,这个饭几乎没有肉，竟然连土豆都很少，根本就是给人吃白米饭，还卖这么贵，根本不能忍。
0,非常难吃，鉴定完毕，不再从此家订餐了、
0,"都没有送到,还让我评价18:40订的,20点都没有看到饭~~~"
0,无论是外卖还是实体店，一直在支持小渝府，但又被无故取消订单了，还因此错过订餐的合适时间。作为老顾客很不开心。
0,"没送烤肠和卤蛋,餐厅电话打不通"
0,"口味不错，就是,时间有点久了，粉有点碎了，还有原来是一个卤蛋啊，我以为是两个！"
0,订了份蕨根粉和鸡蛋炒饼，蕨根粉特硬，中间还有硬结，就把上面黄瓜吃了，炒饼特多油还没味，后来没办法，吃了几口送的萝卜咸菜硬咽下去几口炒饼！
0,送餐太慢了，又是90分钟
0,除了慢，其他还错
0,"我住在北京科技大学里面,不到500米距离送了1个半小时。菜基本凉了,而且洒了一半,弄得我手上,钱包上,桌子上全是油。做的再好吃也是差评"
0,等了两个小时。。。。
0,说了希望多送点泡菜，结果连一点都没看到，
0,"还行,就是一个多小时才送达"
0,此单根本没有送达，打电话过去说没有做，都快两小时了，你告诉我没有做？垃圾垃圾。百度竟然还确认送到了，岂止是垃圾，简直就是垃圾
0,垃圾中的战斗机，几天之内定了三次餐，两次都超过一个半小时，打电话好多次才联系上，然后说订的餐没做或者找不到了。什么垃圾，接不了业务就别做这活，动不动让老子快两点才能吃上中午饭，坑爹呢。
0,完全凉了，而且我不知道送外卖你2块钱零钱都不准备吗？上次是100找不开，让我去楼上重新拿，呵呵，这次TM2快也找不开，等就等，饭菜全是凉的
0,面送来都成一团了。。。
0,比较多，女孩子吃不完
0,味道可以。
0,红烧排骨，来的全是笋子。店里面卖的怎么和送的差距这么大？弄不好外卖就别弄，又慢又坑、
0,可惜一直给的五星好评了。送外卖的伙计居然说以后不给我送了。理由是我们楼只有我一个叫餐的
0,连筷子都没放，菜很少
0,不知道是不是忘了放盐，肉很腻，味道不太好，小菜还是不错的
0,挺快的，但是味道不太好
0,"太慢了,花儿都谢了"
0,太慢。菜全洒了。
0,一般吧，套餐里的菜有点凉了
0,"太慢了，,总共300米的距离，,11点20订的，1点多才打电话告诉我到了。"
0,"挺搞笑啊,等了一个半钟头终于打电话通知我去取餐,然后送餐的竟然说等了我半个钟头了,下次这样我就拒收了"
0,我去，怎么写了个送达？？？根本
0,送的太慢了，真是气死人
0,很难吃，送的也慢，整整迟到了两个小时
0,菜不符！而且难吃
0,送餐速度太差，12点下的单子，下午2点还没有起送！还得我打电话催才给查询是否送餐了。害的我没吃上饭
0,送餐员态度很好，唯一不足是送餐时间较长
0,味道一般，面只有辣、麻，土豆丝没味道
0,夫妻肺片很腥，吃过的最难吃的夫妻肺片
0,强烈建议别买
0,菜太少了。。服务员服务超差
0,送餐时间平均为一个半小时，等两个小时纯属正常，各位可以试试
0,送了一个多小时，都凉了，不好吃
0,去你妈的，什么几把玩意，气死我了
0,好难吃，说是酥肉，其实都是大肥肉，味道也不行，第一次百度订餐，印象很差劲
0,"唉,送过来一份饭,都没地方放,里面的汤全撒出来了,直接扔了"
0,送餐速度很慢，菜量小，菜品也太差，根本对不起这个价钱。
0,送的不准时
0,送餐不准时
0,"我要的是酥肉套餐,，结果送的是扣肉。这怎么评价呢，扣肉味道还行吧。"
0,速度慢，第一次订餐就迟到，晕
0,送餐速度太慢，打电话想问问做了没，服务员的态度太差，竟然就喷顾客。所以以后都不会再订这家的
0,s送餐太慢
0,快点吧！饿了
0,太慢了，不过挺好吃，还有就是我拿错别人的了，亏了我5毛钱
0,同宿舍三个人一起点结果分三趟才送过来，等了两小时才送到，从来没见过那么扯淡的！
0,我的卤蛋没给。已经不是第一次少给东西了
0,比别人先定还比别人后到是什么原因？
0,比别人先定的还比别人后到是什么原因
0,"太慢了,慢的不行,而且外卖肉少的可怜"
0,差！！迟到一个多小时！！！！！！无力吐槽，减13了服务就跟不上了，搞活动干嘛？！！
0,晚了半个多小时，菜汤都撒了。。送餐员没到就给打电话说到了，结果又在楼下等送餐员。。。。服务太差！！！！差差差差差差差！！！！百度快变回减8块的活动吧，别减13了，根本就不保证服务质量
0,为什么里面的饮料没有图片上有，送达没有，而且还贵了2块钱！
0,凉菜量很小，味道不错，感觉不怎么实惠。
0,必须差评了，配送的不知道怎么搞得，餐盒都放不好，牛肚里的红油流的满塑料袋都是，看着这恶心！烤肠被压在河粉下面，让红油给串喂了，太次了。
0,下单确认后一刻钟才被告知没法做，我也没辙了…
0,饭还可以，速度太慢了，5分钟的路程，足足等了1个多小时
0,送餐没有原来快了
0,来的太慢！！！
0,太坑爹了。订完了一直是确认单。但是一直不给我送。二点了我同事去店里给我取说是卖没了。卖没了为什么不及时联系我。而且我的状态也还是确认状态。小俞府你已经坑爹两次了
0,"唉,太慢了"
0,太少，太难吃！！！
0,1个半小时才到
0,未按照约定时间送达
0,太慢！三个多小时
0,生生把中午饭送到了下午，将近2个小时，而且不止一两次，每次给机会，每次都如此，走路过去不到十分钟的事！等电梯的2分钟都要打电话催，一碗汤不如叫一口汤好了。差评，以后再也不订了。
0,如果你刚吃完，点这家没错的。如果你已经感觉到饿了，那换一家吧，我怕你撑不到餐来。。。
0,不要辣椒，为什么有呢，不是辣，是不能吃好不好！
0,"感觉还可以吧,味道一般"
0,两个小时才到，饿昏了。不过还是很好吃的。
0,"来这里吃过多次,这次接电话的服务员态度特别差,中午1点多下的单,订4点的外卖,打电话过去,服务员告诉我在那里吃过了,还一副都是我的错的样子,那态度都让人无语了！"
0,酸菜猪骨汤不好喝
0,送餐服务很差
0,太差，，，等了一小时四十分钟没送到，打电话联系不上，，，最糟心的一次。
0,太慢了，就不要了
0,以前很快，不知道这次怎么了，好慢。而且里面没有奥尔良，不知道是没有还是忘记加了，不是很满意。
0,他家没上百度外卖的时候感觉非常好，自从上了百度外卖以后送餐速度大幅下降，原来也就20多分钟就能送到，现在一个小时就算快的，要点大蒜次次忘，这已经是第四次了，饭送来都是凉的，哎等他们过完促销在看看吧，失望至极
0,送的太慢了，11:30左右下的单子，一点才到。都上班了
0,"送餐2个半小时,而且这个米线根本不值28,太不值了"
0,给我忘了三次了，今天又点了，居然都一点多了都没送，打电话都说已经在送了，都没核实是谁就说送了！后来要取消也取消不了，电话也打不通，饭也没给送，也没个说法。害的我中午没吃上饭！气死了！看情况就是把我的忘了的。
0,"1.图片与送餐不一致，套餐也没有说明；,2.米饭太硬；,3.送的晚；"
0,"送餐送的特别特别慢，并且店家电话也打不通、,真是等到抓狂。慢的要死，米线味道还不错，量也足。就是送餐太太太太太太慢、、"
0,送到的和预定是驴头不对马嘴
0,等了一个半小时还不送。电话是空号。呵呵了
0,一个多小时才送到，真是等不起啊
0,我点的凉菜，给我送一盒热的烂白菜
0,和店里点的水平差很多
0,人多有点慢，有点受不了，一等就是两个半小时。
0,蜗牛的速度
0,首先，定的是5点半的，结果4点多就打电话催着拿了。。人都没回来，放那等着凉啊？再者，要求把米线放进去（不放进去味道进不去），拿过来的时候根本很难放进去。。。。PS：送餐员很喜欢挂电话！！！
0,速度太慢了，等了近一个半小时。
0,差！！！！！！！送餐整整用了三个小时！！！一个办公室定了八份，竟然一份一份送！！没有能力接单就不要接，耽误别人的时间！
0,已经第三次给我漏单了，无语
0,单子打错了，少送了。
0,迟到了一个多小时
0,等了136分钟，催了无数次，要不是脚崴了走不了路我早就不要了。
0,送错了还不给换，垃圾！
0,这家店每次都是送餐巨慢！！
0,还是很慢，每次都很慢
0,菜还是不错的，就是实在是太慢！！十一点半点的，等到一点才送！！而且明明点了烤肠也没送
0,太气愤了，送餐送到小区门口，跟我说车没电了，进不来，要去自己拿，态度超级差，还和我嚷！
0,味道一般，送的太晚
0,里边的黄花菜比较少，基本就是黄瓜、肉片和胡萝卜，萝卜吃着还可以，包菜太淡无味，整体感觉一般吧！
0,饭菜味道不错，可能是比较忙吧，送过来较晚，另外就是保温有点差，菜不太热。
0,餐到现在都没送过来，打客服说取消不了；餐未送达，服务态度又不好。
0,这几天送餐越来越慢了，我11点十四分定的餐，将近两个小时才送到，菜品质量也越来越差
0,很好的饺子，可惜者了，怪太慢了
0,等了三个小时，还没有送到，只有退单了！
0,店子不错，但这个菜量太小，不值！
0,坑爹，一点不好吃，想被坑的就来点吧，这种店只会坑我一次，菜一点油都没，这种店注定不会长久。。
0,根本就没送到，距离才1000多米，一个多小时都没有送过来（打电话来），还自己确认收货。。。奸商，百度外卖都没有监管麽。。。
0,菜品口味还是一如既往，经常订餐，但是服务太差，态度极为不好，十点打电话说正在加工，催了三次菜，十一点四十给他打电话竟然说送不过来了，说远这边就我自己订餐，送不过来提前通知啊，我可以订其他的餐啊，希望可以改正，否则我们原先的几个老客不会再去光顾！！
0,虽然很划算，送餐速度也不错，但是不知道送餐的是不是没有保温措施，送来的时候饭菜已经比较凉了。如果愿意出门的话，还是去店里吃比较好。
0,根本就没给我送到，让我等一下午。
0,真的。。。不太好吃。。。大概只吃了十分之一的样子就吃不下去了。。。以后不会再定这个米线了
0,面不够劲道，煮时间偏长？
0,明明卤香鸡腿17元送到后19元，而且鸡腿上有头发。
0,味道不错。菜比较少。最重要的是！！！有一根米线里面有一个小虫子！！！如果米线是卖家自己做的麻烦注意下卫生好嘛！如果是进货买来的，麻烦挑家干净的吧！
0,太慢了。担心无法及时送到，特地提前三小时下单，最后还是延迟了40分钟，而且也没有提前通知，还是我打电话过去问的
0,今天速度慢了些，大概45分钟
0,味道还可以，但是送到时间也太长啦，十一点二十下的单，到下午一点半才送来，打电话打不通，打通就告诉已经出来啦，打了三四遍电话才给从新做了送过来，气愤呀
0,慢的无言以对
0,太久了！河粉汤全都被吸收了！坨了呢！不开心=_=
0,太慢啦！实在难以忍受
0,太黑了，居然涨价
0,好慢啊，等死我了
0,给商家打电话问下外卖的送递的时间，接电话的那个人太霸道了，吼起来了
0,太黑了，涨价了，改地方了
0,菜品质量不错，但是送餐速度太慢了，一个小时才送到，肚子都饿扁了
0,"还有比差评更差的评吗,小迂腐这名儿起的贴切,近两个小时不送,店家还失联,送来了打开一看一度以为送错了,红烧排骨套餐有一块排骨吗,这样的店还有存在的必要吗"
0,人太多就比较慢了，历时两个小时才到
0,一个半小时，太慢了！！！
0,特别慢，不好吃
0,除了速度慢都挺好
0,下次注意，希望不要再弄错了
0,根本不在配送范围，送餐不成功
0,"要的梅菜扣肉给的猪蹄子,囧"
0,晚了，都糟了
